user_id,created_at,data_source
su_00000,2026-09-02 18:37:50.698045776,synthetic
su_00001,2026-08-18 08:04:50.882083662,synthetic
su_00002,2026-08-14 16:02:07.282644204,synthetic
su_00003,2026-08-29 06:03:21.627107202,synthetic
su_00004,2026-08-09 04:06:00.739602242,synthetic
su_00005,2026-08-11 09:31:06.541672426,synthetic
su_00006,2026-08-04 06:32:15.703940014,synthetic
su_00007,2026-09-02 02:47:19.849998836,synthetic
su_00008,2026-08-28 14:23:15.218353408,synthetic
su_00009,2026-08-30 02:11:12.682392668,synthetic
su_00010,2026-09-01 21:17:14.566371027,synthetic
su_00011,2026-08-20 23:31:01.951240965,synthetic
su_00012,2026-08-25 01:02:31.855222211,synthetic
su_00013,2026-08-09 04:08:23.043614495,synthetic
su_00014,2026-08-08 05:42:09.739079800,synthetic
su_00015,2026-08-28 17:32:30.588251780,synthetic
su_00016,2026-08-21 10:20:00.351798366,synthetic
su_00017,2026-08-24 21:55:46.785199065,synthetic
su_00018,2026-09-01 07:19:08.347387550,synthetic
su_00019,2026-08-27 11:37:47.525377889,synthetic
su_00020,2026-08-24 11:34:42.628023481,synthetic
su_00021,2026-08-24 16:34:33.451470938,synthetic
su_00022,2026-08-15 05:54:27.673486559,synthetic
su_00023,2026-08-05 03:21:58.453546789,synthetic
su_00024,2026-08-20 03:48:18.149898016,synthetic
su_00025,2026-08-11 22:33:04.282069471,synthetic
su_00026,2026-08-19 02:46:24.368258917,synthetic
su_00027,2026-09-04 13:49:18.944623673,synthetic
su_00028,2026-08-12 15:44:17.748414321,synthetic
su_00029,2026-08-06 03:46:22.204631606,synthetic
su_00030,2026-08-14 09:52:08.026015919,synthetic
su_00031,2026-08-14 20:42:40.524828533,synthetic
su_00032,2026-08-28 11:46:54.714278938,synthetic
su_00033,2026-08-24 14:38:40.384604599,synthetic
su_00034,2026-09-02 00:06:05.794871383,synthetic
su_00035,2026-08-28 13:54:37.525718593,synthetic
su_00036,2026-08-19 00:52:17.518651616,synthetic
su_00037,2026-09-03 02:51:00.365700379,synthetic
su_00038,2026-08-10 04:16:19.030360948,synthetic
su_00039,2026-08-04 20:10:05.955394325,synthetic
su_00040,2026-08-07 07:57:45.001327572,synthetic
su_00041,2026-08-30 17:27:18.371986732,synthetic
su_00042,2026-08-21 02:08:49.129667635,synthetic
su_00043,2026-08-09 23:12:33.623214618,synthetic
su_00044,2026-08-22 12:55:39.937050433,synthetic
su_00045,2026-08-09 15:15:11.329953457,synthetic
su_00046,2026-08-29 18:19:56.975048507,synthetic
su_00047,2026-08-20 12:11:12.381755061,synthetic
su_00048,2026-08-18 02:20:48.655585235,synthetic
su_00049,2026-08-15 03:44:33.846587932,synthetic
su_00050,2026-08-27 07:41:27.393682463,synthetic
su_00051,2026-08-17 09:17:22.553417078,synthetic
su_00052,2026-08-07 05:49:59.262069712,synthetic
su_00053,2026-08-08 08:47:21.267898863,synthetic
su_00054,2026-09-08 14:09:54.454031888,synthetic
su_00055,2026-09-06 14:49:10.752054078,synthetic
su_00056,2026-08-29 21:20:23.765366204,synthetic
su_00057,2026-08-13 20:05:33.092793792,synthetic
su_00058,2026-09-08 20:37:43.043105204,synthetic
su_00059,2026-09-01 19:31:50.889797852,synthetic
su_00060,2026-08-30 12:35:54.556703477,synthetic
su_00061,2026-08-20 15:01:58.850053264,synthetic
su_00062,2026-08-14 01:45:01.824906604,synthetic
su_00063,2026-08-07 13:35:42.627812307,synthetic
su_00064,2026-09-06 09:30:39.341271353,synthetic
su_00065,2026-08-20 20:43:45.643340088,synthetic
su_00066,2026-08-11 11:41:55.204577392,synthetic
su_00067,2026-08-15 07:41:22.136084806,synthetic
su_00068,2026-08-25 10:20:49.117993453,synthetic
su_00069,2026-08-10 12:58:27.232500136,synthetic
su_00070,2026-09-04 16:40:24.543386506,synthetic
su_00071,2026-09-01 01:33:55.232977200,synthetic
su_00072,2026-08-30 14:52:59.177583955,synthetic
su_00073,2026-08-19 23:41:55.029553052,synthetic
su_00074,2026-08-27 05:03:00.901957570,synthetic
su_00075,2026-08-25 14:40:44.387020233,synthetic
su_00076,2026-08-28 01:03:49.615850449,synthetic
su_00077,2026-08-07 02:59:11.605819997,synthetic
su_00078,2026-08-19 09:14:13.103259005,synthetic
su_00079,2026-08-05 12:57:12.191001698,synthetic
su_00080,2026-08-22 06:39:49.850960878,synthetic
su_00081,2026-08-16 04:55:00.323585448,synthetic
su_00082,2026-08-09 08:20:14.926966979,synthetic
su_00083,2026-08-07 19:49:18.607215453,synthetic
su_00084,2026-08-25 17:49:42.168337710,synthetic
su_00085,2026-08-10 07:29:11.601818718,synthetic
su_00086,2026-09-07 05:30:23.994426945,synthetic
su_00087,2026-08-25 11:58:56.251394223,synthetic
su_00088,2026-08-16 20:01:13.391136967,synthetic
su_00089,2026-08-25 20:43:58.643167793,synthetic
su_00090,2026-08-04 20:14:59.414907737,synthetic
su_00091,2026-09-08 11:12:02.092890252,synthetic
su_00092,2026-08-21 20:17:07.627219063,synthetic
su_00093,2026-09-01 23:04:07.974473715,synthetic
su_00094,2026-08-07 01:27:51.263752052,synthetic
su_00095,2026-08-22 00:09:09.352023431,synthetic
su_00096,2026-08-22 03:44:52.119552532,synthetic
su_00097,2026-09-07 16:47:23.611264025,synthetic
su_00098,2026-08-25 03:41:40.237835838,synthetic
su_00099,2026-08-21 12:27:30.917298870,synthetic
su_00100,2026-08-13 21:04:27.799772165,synthetic
su_00101,2026-08-16 06:25:59.770704671,synthetic
su_00102,2026-08-23 06:21:25.536221012,synthetic
su_00103,2026-08-20 05:45:12.156303173,synthetic
su_00104,2026-08-04 19:11:29.496961440,synthetic
su_00105,2026-09-03 13:44:50.023264523,synthetic
su_00106,2026-09-06 03:47:26.755417366,synthetic
su_00107,2026-08-09 04:32:28.287710759,synthetic
su_00108,2026-08-24 11:59:02.743665633,synthetic
su_00109,2026-08-08 00:24:54.929261786,synthetic
su_00110,2026-08-28 20:56:57.129429670,synthetic
su_00111,2026-08-14 09:44:08.160176542,synthetic
su_00112,2026-08-28 09:34:02.278583072,synthetic
su_00113,2026-08-30 21:34:16.382952306,synthetic
su_00114,2026-09-01 10:33:32.302162366,synthetic
su_00115,2026-08-07 23:40:26.256031810,synthetic
su_00116,2026-09-06 21:25:06.666535905,synthetic
su_00117,2026-08-12 12:25:48.086092755,synthetic
su_00118,2026-08-05 09:13:20.459584012,synthetic
su_00119,2026-08-24 12:42:32.374150694,synthetic
su_00120,2026-08-17 17:22:44.357051444,synthetic
su_00121,2026-09-03 16:51:11.850845698,synthetic
su_00122,2026-09-02 21:43:38.305895160,synthetic
su_00123,2026-08-15 17:37:09.612575656,synthetic
su_00124,2026-09-08 06:10:28.786158961,synthetic
su_00125,2026-08-14 18:20:06.144966331,synthetic
su_00126,2026-08-23 01:22:14.630727945,synthetic
su_00127,2026-08-13 11:17:49.201526513,synthetic
su_00128,2026-09-07 15:12:24.084732526,synthetic
su_00129,2026-08-10 02:10:18.271246196,synthetic
su_00130,2026-08-05 15:52:50.268073397,synthetic
su_00131,2026-08-20 02:21:58.281417712,synthetic
su_00132,2026-09-09 17:13:46.203173700,synthetic
su_00133,2026-09-05 23:48:33.884763709,synthetic
su_00134,2026-08-31 16:45:50.116599975,synthetic
su_00135,2026-09-05 23:01:25.434840468,synthetic
su_00136,2026-09-06 01:22:50.217786129,synthetic
su_00137,2026-08-23 04:44:46.406483400,synthetic
su_00138,2026-08-15 16:32:41.992892679,synthetic
su_00139,2026-09-01 13:32:49.342972407,synthetic
su_00140,2026-08-28 11:33:18.726094699,synthetic
su_00141,2026-08-17 19:48:29.027663476,synthetic
su_00142,2026-08-07 11:53:11.044459052,synthetic
su_00143,2026-08-31 15:08:57.029560566,synthetic
su_00144,2026-08-13 17:03:53.777302214,synthetic
su_00145,2026-09-07 15:53:24.279626385,synthetic
su_00146,2026-08-12 21:58:54.734178173,synthetic
su_00147,2026-08-08 13:00:32.558333039,synthetic
su_00148,2026-09-03 18:01:40.990248900,synthetic
su_00149,2026-08-09 16:06:59.303385183,synthetic
su_00150,2026-08-10 15:11:24.927518660,synthetic
su_00151,2026-08-26 04:15:06.907933833,synthetic
su_00152,2026-09-05 08:36:39.932149206,synthetic
su_00153,2026-08-11 06:26:02.339356348,synthetic
su_00154,2026-08-15 11:34:02.717527023,synthetic
su_00155,2026-09-01 18:20:07.786889397,synthetic
su_00156,2026-09-08 22:58:54.718831700,synthetic
su_00157,2026-08-22 12:39:29.424051648,synthetic
su_00158,2026-08-09 07:46:51.536155838,synthetic
su_00159,2026-08-04 12:22:31.524545579,synthetic
su_00160,2026-08-12 11:56:04.396700340,synthetic
su_00161,2026-08-08 21:03:29.265819950,synthetic
su_00162,2026-08-29 01:45:39.247805583,synthetic
su_00163,2026-08-08 12:11:14.150796488,synthetic
su_00164,2026-08-22 17:37:15.525404840,synthetic
su_00165,2026-08-29 16:30:18.154263179,synthetic
su_00166,2026-08-25 12:01:53.576357381,synthetic
su_00167,2026-08-11 09:24:02.803226872,synthetic
su_00168,2026-09-02 18:03:45.285299458,synthetic
su_00169,2026-08-30 11:16:53.511955795,synthetic
su_00170,2026-08-31 08:13:04.063717204,synthetic
su_00171,2026-08-08 20:22:45.420178419,synthetic
su_00172,2026-08-08 13:53:36.159509422,synthetic
su_00173,2026-09-07 07:40:31.963057604,synthetic
su_00174,2026-08-18 17:02:57.970019570,synthetic
su_00175,2026-08-15 03:14:32.777885308,synthetic
su_00176,2026-08-22 01:51:45.476179782,synthetic
su_00177,2026-08-28 12:37:24.315362620,synthetic
su_00178,2026-09-08 08:35:36.428127754,synthetic
su_00179,2026-08-14 14:21:51.298096553,synthetic
su_00180,2026-09-07 05:13:47.586824688,synthetic
su_00181,2026-08-04 22:04:30.822063584,synthetic
su_00182,2026-08-24 13:00:57.101710393,synthetic
su_00183,2026-08-27 10:58:11.637022093,synthetic
su_00184,2026-08-07 22:02:12.820310408,synthetic
su_00185,2026-08-09 04:37:17.623893916,synthetic
su_00186,2026-08-19 12:10:24.655990360,synthetic
su_00187,2026-09-08 18:00:50.176739323,synthetic
su_00188,2026-08-26 01:17:08.834179643,synthetic
su_00189,2026-09-07 12:31:28.634811555,synthetic
su_00190,2026-09-02 18:16:20.975031545,synthetic
su_00191,2026-08-21 07:02:05.503851956,synthetic
su_00192,2026-09-02 00:52:11.794569393,synthetic
su_00193,2026-08-04 15:50:20.631017634,synthetic
su_00194,2026-08-08 00:55:11.528860701,synthetic
su_00195,2026-09-03 16:31:57.396057132,synthetic
su_00196,2026-09-02 11:34:24.867957877,synthetic
su_00197,2026-08-12 14:35:05.923918295,synthetic
su_00198,2026-08-23 15:19:24.227227054,synthetic
su_00199,2026-08-26 10:08:31.375613795,synthetic
su_00200,2026-09-05 02:33:07.887431153,synthetic
su_00201,2026-08-26 07:33:32.960580438,synthetic
su_00202,2026-08-19 06:21:48.792654101,synthetic
su_00203,2026-08-17 20:16:31.549964082,synthetic
su_00204,2026-08-19 18:10:59.853718836,synthetic
su_00205,2026-08-28 02:54:53.102574061,synthetic
su_00206,2026-09-05 02:19:54.051585832,synthetic
su_00207,2026-08-20 19:03:37.552621515,synthetic
su_00208,2026-08-13 04:04:53.514842902,synthetic
su_00209,2026-08-12 18:09:22.242030667,synthetic
su_00210,2026-08-31 14:27:38.451082250,synthetic
su_00211,2026-09-03 05:06:47.022913557,synthetic
su_00212,2026-08-07 21:29:12.965677667,synthetic
su_00213,2026-08-06 11:06:15.353914314,synthetic
su_00214,2026-08-25 23:51:25.536296625,synthetic
su_00215,2026-08-09 09:48:06.627035218,synthetic
su_00216,2026-09-03 12:18:06.484050832,synthetic
su_00217,2026-08-15 11:34:37.885600481,synthetic
su_00218,2026-08-09 07:45:29.795322149,synthetic
su_00219,2026-09-07 01:49:18.406447881,synthetic
su_00220,2026-08-10 02:59:31.811240137,synthetic
su_00221,2026-08-14 12:49:53.159217912,synthetic
su_00222,2026-08-09 16:24:31.301749973,synthetic
su_00223,2026-08-08 06:33:18.635525407,synthetic
su_00224,2026-08-04 18:46:45.978624332,synthetic
su_00225,2026-08-06 01:11:28.044016307,synthetic
su_00226,2026-08-10 11:04:53.854287734,synthetic
su_00227,2026-08-05 23:24:11.362222554,synthetic
su_00228,2026-08-25 20:56:08.551343553,synthetic
su_00229,2026-08-29 04:28:28.199272662,synthetic
su_00230,2026-08-18 13:32:37.844400628,synthetic
su_00231,2026-08-15 18:22:33.938736312,synthetic
su_00232,2026-08-22 16:01:09.474512665,synthetic
su_00233,2026-09-05 09:00:15.799335597,synthetic
su_00234,2026-09-04 11:48:17.584625228,synthetic
su_00235,2026-08-05 14:36:21.078242493,synthetic
su_00236,2026-08-10 17:10:14.115798168,synthetic
su_00237,2026-08-12 18:13:46.003946533,synthetic
su_00238,2026-08-13 05:27:22.202420415,synthetic
su_00239,2026-08-25 03:15:16.541091296,synthetic
su_00240,2026-08-19 09:38:27.722487965,synthetic
su_00241,2026-08-05 19:44:15.570584532,synthetic
su_00242,2026-08-17 19:46:09.677827558,synthetic
su_00243,2026-08-23 09:05:33.426460543,synthetic
su_00244,2026-08-07 18:17:04.739202599,synthetic
su_00245,2026-09-03 20:06:40.304751268,synthetic
su_00246,2026-08-05 22:08:31.694715645,synthetic
su_00247,2026-09-07 05:15:34.486876941,synthetic
su_00248,2026-08-07 16:00:44.891002546,synthetic
su_00249,2026-09-04 05:05:40.405267696,synthetic
su_00250,2026-09-06 09:33:21.570507806,synthetic
su_00251,2026-09-09 05:51:31.551699220,synthetic
su_00252,2026-09-02 16:11:56.334058624,synthetic
su_00253,2026-09-01 20:10:33.802337784,synthetic
su_00254,2026-08-27 18:31:30.536702566,synthetic
su_00255,2026-09-01 19:44:55.546315363,synthetic
su_00256,2026-08-08 23:28:56.499855149,synthetic
su_00257,2026-08-23 20:01:42.297317407,synthetic
su_00258,2026-08-23 00:37:47.671424717,synthetic
su_00259,2026-09-04 17:31:26.630330992,synthetic
su_00260,2026-08-21 02:57:57.011929352,synthetic
su_00261,2026-08-18 05:57:34.101133610,synthetic
su_00262,2026-08-27 15:55:55.865490793,synthetic
su_00263,2026-08-13 20:37:09.933386705,synthetic
su_00264,2026-08-09 04:06:51.656137609,synthetic
su_00265,2026-08-21 16:21:18.069599111,synthetic
su_00266,2026-08-19 10:11:51.933524129,synthetic
su_00267,2026-08-12 14:31:19.585882703,synthetic
su_00268,2026-08-17 14:21:01.754576041,synthetic
su_00269,2026-08-17 13:21:23.383604548,synthetic
su_00270,2026-08-16 02:48:57.820314025,synthetic
su_00271,2026-08-18 00:57:50.770071046,synthetic
su_00272,2026-08-29 08:56:24.326753566,synthetic
su_00273,2026-08-14 23:37:34.713909485,synthetic
su_00274,2026-09-08 02:35:09.020123600,synthetic
su_00275,2026-09-06 21:43:01.348859647,synthetic
su_00276,2026-08-21 19:02:54.457189691,synthetic
su_00277,2026-08-16 03:35:05.100158989,synthetic
su_00278,2026-08-23 19:27:57.936128554,synthetic
su_00279,2026-09-04 09:31:18.170511523,synthetic
su_00280,2026-08-28 03:29:51.210302534,synthetic
su_00281,2026-09-02 18:17:59.795581217,synthetic
su_00282,2026-08-23 17:03:26.572126958,synthetic
su_00283,2026-08-27 10:01:51.077242730,synthetic
su_00284,2026-08-14 15:52:55.867418494,synthetic
su_00285,2026-08-31 04:35:06.461273537,synthetic
su_00286,2026-08-11 11:44:07.003304296,synthetic
su_00287,2026-08-29 16:58:50.658206975,synthetic
su_00288,2026-09-04 20:19:06.717624218,synthetic
su_00289,2026-08-08 21:18:26.350285576,synthetic
su_00290,2026-08-26 17:34:09.154564409,synthetic
su_00291,2026-08-07 12:26:42.087941455,synthetic
su_00292,2026-08-30 20:26:07.720458097,synthetic
su_00293,2026-08-07 03:01:47.921935030,synthetic
su_00294,2026-09-07 15:06:52.425209361,synthetic
su_00295,2026-08-09 02:01:05.670744846,synthetic
su_00296,2026-09-08 11:29:08.370122148,synthetic
su_00297,2026-09-02 15:11:06.534108837,synthetic
su_00298,2026-08-25 23:11:22.631878041,synthetic
su_00299,2026-09-01 22:58:12.737679736,synthetic
su_00300,2026-09-02 10:03:43.117261129,synthetic
su_00301,2026-09-08 00:04:19.314414442,synthetic
su_00302,2026-08-13 09:00:15.905553114,synthetic
su_00303,2026-08-25 19:59:14.622281443,synthetic
su_00304,2026-08-07 12:24:13.274773878,synthetic
su_00305,2026-08-26 19:09:18.509837110,synthetic
su_00306,2026-08-10 08:06:24.040923827,synthetic
su_00307,2026-08-24 21:40:34.114755102,synthetic
su_00308,2026-08-25 04:19:05.867263411,synthetic
su_00309,2026-08-21 05:47:41.337050388,synthetic
su_00310,2026-08-23 08:05:49.259960350,synthetic
su_00311,2026-09-01 06:21:50.293173060,synthetic
su_00312,2026-09-02 13:43:45.509745774,synthetic
su_00313,2026-08-22 05:01:55.399551532,synthetic
su_00314,2026-08-26 04:26:20.313859487,synthetic
su_00315,2026-09-07 10:56:15.998254118,synthetic
su_00316,2026-08-08 10:19:24.335720389,synthetic
su_00317,2026-08-08 07:59:16.679469473,synthetic
su_00318,2026-08-07 05:53:08.169276344,synthetic
su_00319,2026-08-28 08:10:57.349617559,synthetic
su_00320,2026-08-19 11:43:27.015966685,synthetic
su_00321,2026-09-01 15:35:50.703122245,synthetic
su_00322,2026-08-28 20:03:12.582064909,synthetic
su_00323,2026-08-16 08:16:13.185823712,synthetic
su_00324,2026-09-06 05:44:58.178605358,synthetic
su_00325,2026-09-01 05:07:42.767755461,synthetic
su_00326,2026-08-14 00:14:06.099101650,synthetic
su_00327,2026-08-17 11:24:09.042413702,synthetic
su_00328,2026-08-15 15:13:21.728716988,synthetic
su_00329,2026-08-09 19:57:32.918324399,synthetic
su_00330,2026-08-09 11:13:53.885342878,synthetic
su_00331,2026-09-07 15:16:52.274919578,synthetic
su_00332,2026-08-20 04:51:31.626116975,synthetic
su_00333,2026-08-18 04:23:16.809454824,synthetic
su_00334,2026-08-30 23:57:39.273499842,synthetic
su_00335,2026-08-24 11:03:28.231000470,synthetic
su_00336,2026-09-07 15:17:32.309925196,synthetic
su_00337,2026-09-01 20:54:27.815729545,synthetic
su_00338,2026-08-21 17:40:48.622593331,synthetic
su_00339,2026-08-17 22:12:25.964823505,synthetic
su_00340,2026-09-09 12:07:43.722814073,synthetic
su_00341,2026-08-30 13:22:15.922456448,synthetic
su_00342,2026-09-08 04:39:39.089100279,synthetic
su_00343,2026-08-08 09:12:32.315647438,synthetic
su_00344,2026-09-04 11:16:26.065637094,synthetic
su_00345,2026-08-27 13:43:17.792343092,synthetic
su_00346,2026-08-08 12:15:59.221301688,synthetic
su_00347,2026-08-25 18:22:23.174301605,synthetic
su_00348,2026-08-29 09:15:12.859969099,synthetic
su_00349,2026-08-04 10:55:29.226248686,synthetic
su_00350,2026-08-20 19:26:03.660415695,synthetic
su_00351,2026-09-03 12:57:17.157392399,synthetic
su_00352,2026-08-14 22:16:43.732219987,synthetic
su_00353,2026-08-20 23:11:26.507893608,synthetic
su_00354,2026-08-20 08:46:29.801410641,synthetic
su_00355,2026-08-15 04:06:41.484963357,synthetic
su_00356,2026-09-06 23:34:35.051584124,synthetic
su_00357,2026-09-01 21:47:20.772467470,synthetic
su_00358,2026-08-08 02:12:09.032272365,synthetic
su_00359,2026-09-09 21:22:00.394175154,synthetic
su_00360,2026-09-05 12:43:46.637707000,synthetic
su_00361,2026-08-14 12:06:38.494163760,synthetic
su_00362,2026-09-03 23:09:50.985860087,synthetic
su_00363,2026-08-07 22:30:01.959486437,synthetic
su_00364,2026-09-09 23:12:18.002380046,synthetic
su_00365,2026-08-28 15:07:40.964385377,synthetic
su_00366,2026-08-28 01:18:39.649738362,synthetic
su_00367,2026-08-07 08:18:40.916022876,synthetic
su_00368,2026-09-06 04:33:56.369592732,synthetic
su_00369,2026-08-05 01:45:05.611844048,synthetic
su_00370,2026-08-12 21:51:19.135945939,synthetic
su_00371,2026-08-09 07:00:12.330532699,synthetic
su_00372,2026-09-01 17:46:11.752804884,synthetic
su_00373,2026-08-11 08:00:19.273554192,synthetic
su_00374,2026-09-06 16:38:48.284492014,synthetic
su_00375,2026-08-28 06:46:00.864922121,synthetic
su_00376,2026-08-05 08:06:44.952909445,synthetic
su_00377,2026-08-04 04:49:18.093742630,synthetic
su_00378,2026-08-05 21:52:20.029111630,synthetic
su_00379,2026-08-26 10:03:41.607904256,synthetic
su_00380,2026-09-02 15:42:57.052955379,synthetic
su_00381,2026-08-12 19:50:05.656981635,synthetic
su_00382,2026-09-04 10:16:30.189056479,synthetic
su_00383,2026-08-06 02:49:19.066281942,synthetic
su_00384,2026-09-02 15:15:21.247321710,synthetic
su_00385,2026-09-07 07:52:56.431174746,synthetic
su_00386,2026-09-01 13:37:56.130256883,synthetic
su_00387,2026-08-29 19:55:52.522222906,synthetic
su_00388,2026-09-04 00:07:35.162997528,synthetic
su_00389,2026-08-05 11:39:15.674392062,synthetic
su_00390,2026-08-11 11:10:57.051546676,synthetic
su_00391,2026-08-08 14:55:56.018004280,synthetic
su_00392,2026-08-22 16:01:24.669448939,synthetic
su_00393,2026-08-31 13:43:37.408641650,synthetic
su_00394,2026-08-27 07:27:01.864741831,synthetic
su_00395,2026-09-04 11:48:15.899718954,synthetic
su_00396,2026-08-09 17:49:44.894235679,synthetic
su_00397,2026-08-31 04:20:36.706698325,synthetic
su_00398,2026-08-11 03:25:15.038009713,synthetic
su_00399,2026-08-14 00:26:01.576212744,synthetic
su_00400,2026-08-30 06:23:43.336268872,synthetic
su_00401,2026-09-09 06:25:18.656364106,synthetic
su_00402,2026-08-26 15:03:02.599587496,synthetic
su_00403,2026-08-06 00:23:46.606964174,synthetic
su_00404,2026-08-26 19:16:56.515064337,synthetic
su_00405,2026-08-05 13:36:26.243291478,synthetic
su_00406,2026-09-05 17:07:17.010097441,synthetic
su_00407,2026-08-30 06:06:19.861809664,synthetic
su_00408,2026-08-10 09:44:15.099443458,synthetic
su_00409,2026-08-07 09:26:53.711418796,synthetic
su_00410,2026-08-10 18:58:39.026084604,synthetic
su_00411,2026-09-09 06:15:50.887598842,synthetic
su_00412,2026-08-20 23:12:06.661811300,synthetic
su_00413,2026-09-02 00:15:49.975657813,synthetic
su_00414,2026-08-27 13:07:50.188050141,synthetic
su_00415,2026-08-25 04:18:10.357787772,synthetic
su_00416,2026-08-09 08:52:32.398113231,synthetic
su_00417,2026-09-08 00:04:10.973134518,synthetic
su_00418,2026-08-15 03:35:32.127623049,synthetic
su_00419,2026-08-25 09:16:45.435493551,synthetic
su_00420,2026-08-29 21:24:03.739662326,synthetic
su_00421,2026-08-28 00:31:08.550688203,synthetic
su_00422,2026-09-07 19:14:52.208914633,synthetic
su_00423,2026-08-09 11:48:49.762976441,synthetic
su_00424,2026-08-22 19:25:02.034267184,synthetic
su_00425,2026-08-18 22:46:57.140320081,synthetic
su_00426,2026-08-21 13:03:42.594410034,synthetic
su_00427,2026-08-08 09:51:54.587748950,synthetic
su_00428,2026-08-08 23:04:33.648841256,synthetic
su_00429,2026-08-14 06:55:51.904753524,synthetic
su_00430,2026-08-15 06:34:39.677302625,synthetic
su_00431,2026-08-19 19:58:40.993496540,synthetic
su_00432,2026-08-26 14:33:24.990366693,synthetic
su_00433,2026-08-27 11:33:02.362562703,synthetic
su_00434,2026-08-19 05:41:17.074204751,synthetic
su_00435,2026-08-19 02:59:57.844221659,synthetic
su_00436,2026-08-12 01:15:14.874144848,synthetic
su_00437,2026-08-25 18:24:57.414913918,synthetic
su_00438,2026-08-15 17:31:56.385298946,synthetic
su_00439,2026-08-05 08:01:16.078217876,synthetic
su_00440,2026-08-19 11:32:21.261160651,synthetic
su_00441,2026-08-21 13:01:47.335728256,synthetic
su_00442,2026-08-12 08:19:35.281075222,synthetic
su_00443,2026-08-25 04:20:33.520604779,synthetic
su_00444,2026-08-24 22:24:19.611300765,synthetic
su_00445,2026-08-29 23:22:40.572573635,synthetic
su_00446,2026-08-27 23:22:41.707900828,synthetic
su_00447,2026-08-28 03:21:37.995086434,synthetic
su_00448,2026-08-15 16:47:53.400551101,synthetic
su_00449,2026-09-02 03:14:23.327244697,synthetic
su_00450,2026-08-24 07:38:24.765491455,synthetic
su_00451,2026-08-19 23:05:57.686351073,synthetic
su_00452,2026-08-27 03:53:56.699072371,synthetic
su_00453,2026-08-17 08:15:49.366770573,synthetic
su_00454,2026-08-22 23:18:44.817158885,synthetic
su_00455,2026-08-31 06:11:40.744939962,synthetic
su_00456,2026-09-05 19:07:32.748278349,synthetic
su_00457,2026-09-07 01:53:55.648313269,synthetic
su_00458,2026-08-22 15:13:33.735225332,synthetic
su_00459,2026-08-23 06:00:15.486802651,synthetic
su_00460,2026-09-02 14:17:05.729129832,synthetic
su_00461,2026-08-15 15:13:55.971367863,synthetic
su_00462,2026-09-03 23:35:43.935944715,synthetic
su_00463,2026-08-22 06:47:52.015586899,synthetic
su_00464,2026-08-08 06:52:50.776354986,synthetic
su_00465,2026-08-06 15:59:18.681362786,synthetic
su_00466,2026-09-04 03:41:23.897050956,synthetic
su_00467,2026-08-06 01:20:39.516767907,synthetic
su_00468,2026-08-14 09:10:58.639032071,synthetic
su_00469,2026-08-16 08:42:26.913475342,synthetic
su_00470,2026-08-10 09:37:08.642388487,synthetic
su_00471,2026-08-15 14:44:14.324582999,synthetic
su_00472,2026-08-31 11:30:39.597306754,synthetic
su_00473,2026-08-04 13:02:18.114292834,synthetic
su_00474,2026-09-03 14:31:48.003507731,synthetic
su_00475,2026-09-04 16:36:52.721763148,synthetic
su_00476,2026-08-17 18:34:05.797178741,synthetic
su_00477,2026-08-09 16:24:29.715717037,synthetic
su_00478,2026-08-26 05:32:46.616118835,synthetic
su_00479,2026-08-08 10:16:09.226588894,synthetic
su_00480,2026-08-17 12:02:54.213494958,synthetic
su_00481,2026-09-08 11:05:06.405504229,synthetic
su_00482,2026-09-09 19:58:20.825955371,synthetic
su_00483,2026-09-01 13:37:44.916682339,synthetic
su_00484,2026-08-15 12:08:01.754914705,synthetic
su_00485,2026-08-29 10:38:47.629174164,synthetic
su_00486,2026-08-30 02:24:03.069179292,synthetic
su_00487,2026-08-18 08:24:12.331099156,synthetic
su_00488,2026-08-27 17:06:32.787045034,synthetic
su_00489,2026-08-04 09:31:34.135458242,synthetic
su_00490,2026-08-11 17:38:35.523019645,synthetic
su_00491,2026-08-23 10:16:42.286925741,synthetic
su_00492,2026-08-10 01:24:40.169452920,synthetic
su_00493,2026-08-10 03:19:31.075227703,synthetic
su_00494,2026-09-03 22:38:17.556031001,synthetic
su_00495,2026-09-09 14:21:00.382978950,synthetic
su_00496,2026-08-24 13:42:03.067521344,synthetic
su_00497,2026-09-04 01:05:38.115682662,synthetic
su_00498,2026-09-09 15:24:20.296518228,synthetic
su_00499,2026-08-09 05:44:13.736576659,synthetic
su_00500,2026-08-20 14:02:31.576451509,synthetic
su_00501,2026-08-18 12:36:16.458003449,synthetic
su_00502,2026-08-06 23:05:01.549960124,synthetic
su_00503,2026-08-31 22:43:59.496390239,synthetic
su_00504,2026-08-20 01:11:44.794544865,synthetic
su_00505,2026-08-21 08:45:44.343219875,synthetic
su_00506,2026-08-09 13:47:51.362686166,synthetic
su_00507,2026-08-10 16:39:46.321851639,synthetic
su_00508,2026-09-06 13:30:28.859308988,synthetic
su_00509,2026-08-05 15:38:54.207632975,synthetic
su_00510,2026-08-12 14:46:22.184508040,synthetic
su_00511,2026-08-14 19:20:55.267149484,synthetic
su_00512,2026-08-22 03:17:43.503549390,synthetic
su_00513,2026-08-25 16:45:47.929093700,synthetic
su_00514,2026-08-22 06:02:29.394799411,synthetic
su_00515,2026-08-07 02:41:39.901511440,synthetic
su_00516,2026-08-13 00:22:36.117125305,synthetic
su_00517,2026-09-04 05:06:23.348408892,synthetic
su_00518,2026-08-27 14:10:43.557689538,synthetic
su_00519,2026-08-28 00:26:39.683469248,synthetic
su_00520,2026-08-28 19:08:25.766707211,synthetic
su_00521,2026-09-01 05:27:28.371265566,synthetic
su_00522,2026-08-06 03:36:01.194367123,synthetic
su_00523,2026-08-17 13:32:53.684952575,synthetic
su_00524,2026-08-23 23:06:01.305044534,synthetic
su_00525,2026-08-16 12:32:57.685804892,synthetic
su_00526,2026-09-04 05:53:50.062124478,synthetic
su_00527,2026-08-21 20:31:27.795451861,synthetic
su_00528,2026-09-01 10:32:28.677983743,synthetic
su_00529,2026-09-04 12:35:23.204365721,synthetic
su_00530,2026-08-22 16:15:17.412545903,synthetic
su_00531,2026-09-06 15:40:56.613207932,synthetic
su_00532,2026-08-25 17:21:57.813108620,synthetic
su_00533,2026-09-04 11:02:36.878511642,synthetic
su_00534,2026-08-16 14:26:40.655346985,synthetic
su_00535,2026-08-22 10:56:58.053033452,synthetic
su_00536,2026-08-23 15:53:34.815883434,synthetic
su_00537,2026-08-07 21:13:19.155776558,synthetic
su_00538,2026-08-18 17:54:52.653423485,synthetic
su_00539,2026-09-06 22:35:45.071613198,synthetic
su_00540,2026-08-27 08:10:44.505998008,synthetic
su_00541,2026-08-10 13:37:33.042734498,synthetic
su_00542,2026-08-16 12:54:13.695916785,synthetic
su_00543,2026-08-11 02:08:36.501289718,synthetic
su_00544,2026-08-04 22:02:34.587733677,synthetic
su_00545,2026-09-07 07:35:05.593745673,synthetic
su_00546,2026-08-20 14:00:29.186971567,synthetic
su_00547,2026-08-15 09:05:28.119514769,synthetic
su_00548,2026-08-26 03:26:51.885971772,synthetic
su_00549,2026-08-04 06:29:42.853877512,synthetic
su_00550,2026-08-14 06:53:01.070381482,synthetic
su_00551,2026-08-30 00:17:37.383146220,synthetic
su_00552,2026-08-27 10:47:15.210547820,synthetic
su_00553,2026-09-09 07:50:37.253103978,synthetic
su_00554,2026-08-26 22:52:39.526234835,synthetic
su_00555,2026-08-21 16:01:30.776813136,synthetic
su_00556,2026-09-01 04:09:07.617986636,synthetic
su_00557,2026-09-06 10:09:18.541094685,synthetic
su_00558,2026-08-30 15:58:40.802469227,synthetic
su_00559,2026-09-08 15:19:53.639442657,synthetic
su_00560,2026-09-01 22:25:14.129815805,synthetic
su_00561,2026-09-05 01:43:10.837835726,synthetic
su_00562,2026-08-08 05:19:27.894759851,synthetic
su_00563,2026-08-31 02:22:59.486370541,synthetic
su_00564,2026-08-20 06:47:55.554649092,synthetic
su_00565,2026-08-24 11:09:22.235548365,synthetic
su_00566,2026-08-28 04:50:34.582633198,synthetic
su_00567,2026-09-08 21:11:44.965084364,synthetic
su_00568,2026-09-09 10:18:19.210720618,synthetic
su_00569,2026-08-14 15:56:48.055175735,synthetic
su_00570,2026-08-31 03:34:23.180609530,synthetic
su_00571,2026-08-31 17:59:07.374071467,synthetic
su_00572,2026-08-16 19:41:08.379045554,synthetic
su_00573,2026-08-08 13:59:46.896285942,synthetic
su_00574,2026-08-05 12:21:39.242641389,synthetic
su_00575,2026-09-01 18:16:50.510085278,synthetic
su_00576,2026-08-22 02:51:12.134640285,synthetic
su_00577,2026-09-09 11:09:34.813841380,synthetic
su_00578,2026-08-21 04:53:47.144759870,synthetic
su_00579,2026-09-09 04:23:24.998703253,synthetic
su_00580,2026-08-19 05:28:46.163813971,synthetic
su_00581,2026-09-02 08:47:23.098910120,synthetic
su_00582,2026-08-07 03:19:10.249726465,synthetic
su_00583,2026-08-24 13:14:59.994968404,synthetic
su_00584,2026-09-02 16:13:44.727035963,synthetic
su_00585,2026-09-07 05:08:06.289768540,synthetic
su_00586,2026-09-03 10:27:13.624085805,synthetic
su_00587,2026-08-05 08:49:48.020716714,synthetic
su_00588,2026-08-17 18:57:34.844689368,synthetic
su_00589,2026-08-05 19:14:39.276292920,synthetic
su_00590,2026-08-08 01:02:33.628235019,synthetic
su_00591,2026-08-28 23:40:17.033724213,synthetic
su_00592,2026-08-30 09:22:23.801969237,synthetic
su_00593,2026-09-01 15:03:50.278620399,synthetic
su_00594,2026-09-05 00:31:31.492824343,synthetic
su_00595,2026-08-31 08:36:54.518425707,synthetic
su_00596,2026-09-02 15:10:26.305646481,synthetic
su_00597,2026-08-05 19:28:47.187563059,synthetic
su_00598,2026-08-12 16:16:01.968930743,synthetic
su_00599,2026-08-27 00:14:42.801925986,synthetic
su_00600,2026-09-04 18:00:54.973824635,synthetic
su_00601,2026-08-04 03:59:45.999407102,synthetic
su_00602,2026-08-23 00:59:27.080877547,synthetic
su_00603,2026-08-29 01:25:52.358288105,synthetic
su_00604,2026-08-05 02:17:28.581886351,synthetic
su_00605,2026-08-18 20:24:13.446386670,synthetic
su_00606,2026-09-06 03:19:25.588807402,synthetic
su_00607,2026-08-28 20:23:31.827350409,synthetic
su_00608,2026-08-12 19:02:26.255991157,synthetic
su_00609,2026-09-04 13:16:10.715207298,synthetic
su_00610,2026-08-16 21:03:06.854355535,synthetic
su_00611,2026-09-04 13:46:12.244713329,synthetic
su_00612,2026-08-15 01:27:43.063896917,synthetic
su_00613,2026-08-25 20:12:15.778023251,synthetic
su_00614,2026-08-18 16:28:58.008576276,synthetic
su_00615,2026-08-14 04:02:40.722253798,synthetic
su_00616,2026-09-05 19:15:47.214751031,synthetic
su_00617,2026-08-10 22:34:59.482424166,synthetic
su_00618,2026-08-07 03:18:45.694862487,synthetic
su_00619,2026-08-16 15:37:52.037142767,synthetic
su_00620,2026-08-30 13:15:48.827180563,synthetic
su_00621,2026-09-02 20:59:57.357984977,synthetic
su_00622,2026-09-09 22:53:02.805429434,synthetic
su_00623,2026-08-14 23:10:10.223853292,synthetic
su_00624,2026-08-19 02:15:08.829376483,synthetic
su_00625,2026-08-09 01:29:50.261605109,synthetic
su_00626,2026-08-25 06:29:10.584618914,synthetic
su_00627,2026-09-09 21:51:03.863122094,synthetic
su_00628,2026-08-29 22:22:56.413153721,synthetic
su_00629,2026-08-26 00:32:56.408233467,synthetic
su_00630,2026-08-18 12:25:25.516252391,synthetic
su_00631,2026-09-06 20:47:07.076880862,synthetic
su_00632,2026-08-22 09:15:42.974509501,synthetic
su_00633,2026-08-08 23:19:04.148479195,synthetic
su_00634,2026-08-17 12:27:21.871154990,synthetic
su_00635,2026-08-06 11:38:38.406972541,synthetic
su_00636,2026-08-11 11:21:26.587683497,synthetic
su_00637,2026-08-04 15:41:23.559100519,synthetic
su_00638,2026-08-20 18:30:45.237067722,synthetic
su_00639,2026-08-27 11:28:18.318997905,synthetic
su_00640,2026-08-16 16:50:37.343732892,synthetic
su_00641,2026-08-19 13:17:56.447148070,synthetic
su_00642,2026-09-08 11:46:40.203429540,synthetic
su_00643,2026-08-31 19:44:35.707050690,synthetic
su_00644,2026-08-24 00:16:50.496985620,synthetic
su_00645,2026-08-14 12:40:20.269557483,synthetic
su_00646,2026-09-06 04:31:59.366317511,synthetic
su_00647,2026-08-12 16:45:58.463244092,synthetic
su_00648,2026-08-16 00:54:15.640915713,synthetic
su_00649,2026-09-06 15:14:58.398747282,synthetic
su_00650,2026-08-23 14:14:00.042335319,synthetic
su_00651,2026-08-31 11:10:42.020699388,synthetic
su_00652,2026-08-25 20:34:52.957982728,synthetic
su_00653,2026-08-28 04:15:14.463361554,synthetic
su_00654,2026-08-15 01:51:08.506314594,synthetic
su_00655,2026-08-12 22:20:18.206608116,synthetic
su_00656,2026-08-15 22:22:23.535428789,synthetic
su_00657,2026-08-09 18:01:55.592061885,synthetic
su_00658,2026-09-05 08:23:28.162961653,synthetic
su_00659,2026-08-14 11:31:23.796213965,synthetic
su_00660,2026-08-24 18:36:09.296063905,synthetic
su_00661,2026-09-02 07:16:23.842291945,synthetic
su_00662,2026-09-02 00:02:08.912852281,synthetic
su_00663,2026-08-20 05:17:13.191441948,synthetic
su_00664,2026-08-21 14:54:59.364090045,synthetic
su_00665,2026-09-09 19:17:42.550995487,synthetic
su_00666,2026-08-28 23:02:33.214406544,synthetic
su_00667,2026-09-03 03:23:56.174959247,synthetic
su_00668,2026-09-06 09:28:04.528800040,synthetic
su_00669,2026-09-02 03:22:47.188457951,synthetic
su_00670,2026-08-10 20:26:21.329947565,synthetic
su_00671,2026-08-24 19:12:27.401612271,synthetic
su_00672,2026-08-07 18:28:55.242103137,synthetic
su_00673,2026-08-28 03:47:41.454199790,synthetic
su_00674,2026-09-08 08:21:01.052030794,synthetic
su_00675,2026-08-22 23:18:21.863154596,synthetic
su_00676,2026-08-20 00:28:46.465199678,synthetic
su_00677,2026-08-05 07:49:42.107733584,synthetic
su_00678,2026-09-08 12:16:47.192982052,synthetic
su_00679,2026-08-07 19:27:58.980627292,synthetic
su_00680,2026-08-05 12:28:41.645476935,synthetic
su_00681,2026-08-13 02:30:25.743658987,synthetic
su_00682,2026-08-06 10:11:27.691150285,synthetic
su_00683,2026-08-20 20:08:40.718621922,synthetic
su_00684,2026-08-23 02:17:09.483058737,synthetic
su_00685,2026-08-15 13:33:43.613054577,synthetic
su_00686,2026-08-05 21:15:10.470695396,synthetic
su_00687,2026-08-08 03:06:04.057219128,synthetic
su_00688,2026-08-18 05:26:23.595558202,synthetic
su_00689,2026-08-06 05:44:57.351602271,synthetic
su_00690,2026-08-29 19:59:32.914829772,synthetic
su_00691,2026-08-11 15:50:03.267146519,synthetic
su_00692,2026-08-15 04:14:22.391087536,synthetic
su_00693,2026-08-18 13:59:01.284482942,synthetic
su_00694,2026-08-19 09:56:57.674995452,synthetic
su_00695,2026-08-04 01:28:28.950294802,synthetic
su_00696,2026-08-08 03:31:06.562008636,synthetic
su_00697,2026-09-04 22:08:05.757366839,synthetic
su_00698,2026-08-04 01:05:41.854238068,synthetic
su_00699,2026-08-22 19:15:09.403062599,synthetic
su_00700,2026-08-22 02:40:40.014402243,synthetic
su_00701,2026-08-16 07:47:15.413918807,synthetic
su_00702,2026-08-19 23:01:06.218004170,synthetic
su_00703,2026-09-01 21:09:21.780444985,synthetic
su_00704,2026-09-04 02:59:20.008027973,synthetic
su_00705,2026-08-13 15:11:22.223589871,synthetic
su_00706,2026-08-15 22:22:17.441685639,synthetic
su_00707,2026-08-12 23:19:29.184560974,synthetic
su_00708,2026-08-21 18:07:07.318881645,synthetic
su_00709,2026-08-29 06:44:00.317763693,synthetic
su_00710,2026-08-12 10:41:18.792281463,synthetic
su_00711,2026-08-16 05:41:36.020200998,synthetic
su_00712,2026-09-07 10:10:53.545508996,synthetic
su_00713,2026-08-05 19:07:46.305782756,synthetic
su_00714,2026-08-21 01:09:48.274029845,synthetic
su_00715,2026-08-30 07:51:48.747376579,synthetic
su_00716,2026-08-09 13:36:11.384146933,synthetic
su_00717,2026-08-05 18:04:05.267153523,synthetic
su_00718,2026-08-09 02:43:34.932054055,synthetic
su_00719,2026-09-06 23:54:53.985078887,synthetic
su_00720,2026-08-04 08:13:21.670525767,synthetic
su_00721,2026-08-10 23:13:47.689076929,synthetic
su_00722,2026-08-05 03:46:47.134043977,synthetic
su_00723,2026-08-08 02:14:20.281902851,synthetic
su_00724,2026-08-26 22:41:33.239493337,synthetic
su_00725,2026-08-12 22:34:31.263457109,synthetic
su_00726,2026-08-25 01:27:37.082816788,synthetic
su_00727,2026-08-25 20:05:36.599626752,synthetic
su_00728,2026-09-04 10:17:54.872821406,synthetic
su_00729,2026-08-04 04:12:37.284860679,synthetic
su_00730,2026-09-04 13:47:31.487625678,synthetic
su_00731,2026-08-26 21:46:39.895489750,synthetic
su_00732,2026-08-10 00:30:58.376380328,synthetic
su_00733,2026-09-01 14:22:06.242390876,synthetic
su_00734,2026-09-04 15:40:35.360796144,synthetic
su_00735,2026-08-13 09:47:09.504865290,synthetic
su_00736,2026-09-06 23:53:19.639109690,synthetic
su_00737,2026-08-20 19:33:29.513178749,synthetic
su_00738,2026-08-26 07:50:27.295612762,synthetic
su_00739,2026-09-09 10:22:07.629068883,synthetic
su_00740,2026-08-17 09:02:38.536193791,synthetic
su_00741,2026-09-03 02:05:07.796717737,synthetic
su_00742,2026-08-15 18:44:18.299874020,synthetic
su_00743,2026-09-02 13:42:05.787901598,synthetic
su_00744,2026-08-26 05:27:06.191820096,synthetic
su_00745,2026-08-12 00:07:25.886496563,synthetic
su_00746,2026-08-19 07:39:18.616625431,synthetic
su_00747,2026-08-15 18:03:37.595933434,synthetic
su_00748,2026-08-06 21:21:36.910999307,synthetic
su_00749,2026-08-05 02:29:35.793054713,synthetic
su_00750,2026-08-16 19:40:22.965605676,synthetic
su_00751,2026-08-04 16:54:08.363742941,synthetic
su_00752,2026-08-10 02:57:11.263437417,synthetic
su_00753,2026-08-30 19:57:46.040096057,synthetic
su_00754,2026-08-30 04:47:06.062233294,synthetic
su_00755,2026-08-31 07:51:33.779426961,synthetic
su_00756,2026-08-15 17:37:55.257468315,synthetic
su_00757,2026-09-05 22:20:14.200513849,synthetic
su_00758,2026-08-25 23:19:17.495937341,synthetic
su_00759,2026-08-08 15:54:41.009295616,synthetic
su_00760,2026-08-09 07:37:19.816941052,synthetic
su_00761,2026-08-29 15:28:07.460808870,synthetic
su_00762,2026-08-10 09:34:27.176018035,synthetic
su_00763,2026-08-22 18:28:33.308417476,synthetic
su_00764,2026-09-09 16:41:44.644648903,synthetic
su_00765,2026-08-04 03:33:31.510811539,synthetic
su_00766,2026-08-04 14:43:22.310706110,synthetic
su_00767,2026-09-09 17:51:32.791515443,synthetic
su_00768,2026-08-25 15:09:33.424960100,synthetic
su_00769,2026-08-08 16:41:45.809737583,synthetic
su_00770,2026-09-06 04:48:15.672173887,synthetic
su_00771,2026-09-05 13:46:39.743448206,synthetic
su_00772,2026-08-23 20:08:45.480634444,synthetic
su_00773,2026-08-27 00:09:04.761058867,synthetic
su_00774,2026-08-14 02:35:24.813790001,synthetic
su_00775,2026-08-05 20:51:41.365362026,synthetic
su_00776,2026-08-25 23:58:33.732102315,synthetic
su_00777,2026-08-14 21:44:33.401630593,synthetic
su_00778,2026-08-28 13:17:43.761963813,synthetic
su_00779,2026-09-03 22:35:08.581330427,synthetic
su_00780,2026-08-04 16:07:35.626785439,synthetic
su_00781,2026-08-26 00:59:37.794915333,synthetic
su_00782,2026-08-12 13:22:37.629270929,synthetic
su_00783,2026-09-05 08:00:46.750098872,synthetic
su_00784,2026-08-13 09:15:14.694576853,synthetic
su_00785,2026-08-26 14:21:49.961926985,synthetic
su_00786,2026-08-24 11:32:39.357598470,synthetic
su_00787,2026-08-18 15:47:45.067389407,synthetic
su_00788,2026-08-29 01:43:38.057075822,synthetic
su_00789,2026-08-30 20:29:00.368258299,synthetic
su_00790,2026-08-24 23:26:26.744077016,synthetic
su_00791,2026-09-01 01:28:44.207832222,synthetic
su_00792,2026-09-09 09:16:27.708534223,synthetic
su_00793,2026-08-19 12:18:49.969641294,synthetic
su_00794,2026-08-23 00:56:59.100267665,synthetic
su_00795,2026-08-04 11:04:23.705802470,synthetic
su_00796,2026-09-02 10:52:24.088813018,synthetic
su_00797,2026-08-23 05:57:51.478332633,synthetic
su_00798,2026-08-19 02:16:11.100576655,synthetic
su_00799,2026-08-07 11:32:09.251604180,synthetic
su_00800,2026-09-05 22:00:53.648811910,synthetic
su_00801,2026-08-18 14:45:59.144961651,synthetic
su_00802,2026-08-29 06:07:56.853155236,synthetic
su_00803,2026-08-09 12:38:39.303077704,synthetic
su_00804,2026-09-08 13:51:21.855716773,synthetic
su_00805,2026-08-10 14:27:22.624192029,synthetic
su_00806,2026-08-11 09:11:35.842901091,synthetic
su_00807,2026-09-04 18:46:36.408630900,synthetic
su_00808,2026-09-06 18:22:24.516472925,synthetic
su_00809,2026-08-11 20:23:12.832370490,synthetic
su_00810,2026-08-21 09:10:59.479317290,synthetic
su_00811,2026-08-31 03:20:36.510906455,synthetic
su_00812,2026-09-05 11:59:19.577846371,synthetic
su_00813,2026-08-18 00:35:55.655495257,synthetic
su_00814,2026-08-23 03:06:47.895560255,synthetic
su_00815,2026-08-31 10:38:39.021149489,synthetic
su_00816,2026-08-31 01:14:55.490163656,synthetic
su_00817,2026-09-01 23:16:06.943667388,synthetic
su_00818,2026-08-25 02:06:04.431433232,synthetic
su_00819,2026-08-07 20:53:53.541465505,synthetic
su_00820,2026-09-06 10:43:41.816278918,synthetic
su_00821,2026-09-05 00:37:42.293701463,synthetic
su_00822,2026-09-02 12:42:37.882824047,synthetic
su_00823,2026-08-07 16:40:40.366987420,synthetic
su_00824,2026-08-11 13:30:17.503085913,synthetic
su_00825,2026-08-31 12:19:01.647176142,synthetic
su_00826,2026-08-04 20:32:54.254359565,synthetic
su_00827,2026-09-09 05:33:05.309035432,synthetic
su_00828,2026-08-17 22:54:16.114161040,synthetic
su_00829,2026-08-30 14:44:58.307702825,synthetic
su_00830,2026-09-05 20:09:47.255678577,synthetic
su_00831,2026-08-18 14:25:52.826438183,synthetic
su_00832,2026-08-15 19:23:22.739555412,synthetic
su_00833,2026-08-26 12:33:43.640861915,synthetic
su_00834,2026-08-25 11:55:06.829997768,synthetic
su_00835,2026-08-19 03:18:58.680470952,synthetic
su_00836,2026-08-26 06:22:33.539557891,synthetic
su_00837,2026-09-07 14:37:07.162230170,synthetic
su_00838,2026-08-21 07:15:52.372383904,synthetic
su_00839,2026-08-11 06:42:25.403423618,synthetic
su_00840,2026-08-17 22:57:32.086080387,synthetic
su_00841,2026-08-18 13:58:01.201953682,synthetic
su_00842,2026-08-08 20:25:28.269866220,synthetic
su_00843,2026-08-10 00:37:47.612972801,synthetic
su_00844,2026-08-29 07:53:28.036224907,synthetic
su_00845,2026-08-16 13:27:22.484655020,synthetic
su_00846,2026-09-08 07:56:59.179084646,synthetic
su_00847,2026-08-13 00:18:50.075562396,synthetic
su_00848,2026-08-07 15:50:41.857919096,synthetic
su_00849,2026-08-31 21:06:43.386999224,synthetic
su_00850,2026-09-05 14:21:36.050771047,synthetic
su_00851,2026-08-14 06:57:52.779246772,synthetic
su_00852,2026-08-11 11:27:15.243340264,synthetic
su_00853,2026-08-10 20:57:37.179955891,synthetic
su_00854,2026-08-23 07:32:48.925008467,synthetic
su_00855,2026-08-21 07:57:14.318737677,synthetic
su_00856,2026-08-13 14:22:57.280046975,synthetic
su_00857,2026-08-05 16:06:49.420391798,synthetic
su_00858,2026-08-21 19:33:51.516755054,synthetic
su_00859,2026-09-08 11:53:13.648921513,synthetic
su_00860,2026-08-28 03:26:13.380966114,synthetic
su_00861,2026-08-22 08:00:35.360230367,synthetic
su_00862,2026-08-08 02:17:40.422257877,synthetic
su_00863,2026-08-13 08:09:48.333628921,synthetic
su_00864,2026-08-14 21:45:33.361999898,synthetic
su_00865,2026-09-01 07:08:43.996974807,synthetic
su_00866,2026-09-05 10:31:09.076695535,synthetic
su_00867,2026-09-06 08:39:28.677481190,synthetic
su_00868,2026-09-09 10:17:48.926856011,synthetic
su_00869,2026-09-09 08:20:29.812548569,synthetic
su_00870,2026-09-08 06:15:47.627632683,synthetic
su_00871,2026-08-06 15:46:41.018759621,synthetic
su_00872,2026-08-09 02:21:38.375654008,synthetic
su_00873,2026-08-15 06:21:58.591838582,synthetic
su_00874,2026-08-24 10:58:25.138593270,synthetic
su_00875,2026-08-07 14:06:58.914613676,synthetic
su_00876,2026-09-04 07:04:03.714701889,synthetic
su_00877,2026-08-26 19:40:46.153274342,synthetic
su_00878,2026-08-24 01:37:10.521279689,synthetic
su_00879,2026-08-10 02:47:47.238540556,synthetic
su_00880,2026-08-13 08:53:27.100562551,synthetic
su_00881,2026-08-09 22:21:25.481463283,synthetic
su_00882,2026-09-04 12:30:59.918838412,synthetic
su_00883,2026-08-25 14:47:39.623043702,synthetic
su_00884,2026-08-31 04:47:41.753894764,synthetic
su_00885,2026-08-14 22:52:37.856150770,synthetic
su_00886,2026-08-17 17:40:20.430243804,synthetic
su_00887,2026-08-18 23:30:40.350278743,synthetic
su_00888,2026-09-01 02:53:35.861671331,synthetic
su_00889,2026-09-01 13:50:58.030998059,synthetic
su_00890,2026-08-11 15:39:01.484756857,synthetic
su_00891,2026-09-07 20:05:11.417220355,synthetic
su_00892,2026-08-08 11:08:30.982739977,synthetic
su_00893,2026-09-06 03:45:23.073091861,synthetic
su_00894,2026-08-07 17:09:04.800013310,synthetic
su_00895,2026-08-13 18:54:40.868288511,synthetic
su_00896,2026-09-04 07:40:22.584102045,synthetic
su_00897,2026-08-10 15:23:20.256875972,synthetic
su_00898,2026-08-19 07:14:53.962811711,synthetic
su_00899,2026-08-20 15:28:30.210061383,synthetic
su_00900,2026-08-13 01:47:23.884960597,synthetic
su_00901,2026-08-30 06:41:51.859630882,synthetic
su_00902,2026-09-04 11:59:06.607208965,synthetic
su_00903,2026-09-05 08:37:21.807090292,synthetic
su_00904,2026-08-16 13:19:05.035490638,synthetic
su_00905,2026-08-23 15:23:42.540459285,synthetic
su_00906,2026-08-13 04:35:05.591877715,synthetic
su_00907,2026-08-13 01:22:45.456155505,synthetic
su_00908,2026-08-09 23:11:36.988125031,synthetic
su_00909,2026-09-07 18:44:12.773749463,synthetic
su_00910,2026-09-05 20:32:02.687286318,synthetic
su_00911,2026-09-01 18:17:40.334765967,synthetic
su_00912,2026-08-23 03:41:00.351252612,synthetic
su_00913,2026-08-22 03:39:35.384308352,synthetic
su_00914,2026-08-23 14:24:50.945652209,synthetic
su_00915,2026-08-23 20:28:20.625803239,synthetic
su_00916,2026-08-20 01:53:31.269161576,synthetic
su_00917,2026-08-08 20:59:53.849789361,synthetic
su_00918,2026-08-08 15:35:22.204850136,synthetic
su_00919,2026-09-08 05:35:51.891615480,synthetic
su_00920,2026-08-21 20:02:35.932245645,synthetic
su_00921,2026-09-08 06:26:47.422016908,synthetic
su_00922,2026-08-10 01:15:22.562663680,synthetic
su_00923,2026-08-24 12:19:18.833561260,synthetic
su_00924,2026-08-11 16:27:10.515514201,synthetic
su_00925,2026-08-13 08:49:40.548865520,synthetic
su_00926,2026-08-05 02:41:18.477383736,synthetic
su_00927,2026-08-08 09:37:49.943774308,synthetic
su_00928,2026-09-06 22:09:40.989509013,synthetic
su_00929,2026-08-15 21:31:16.667170718,synthetic
su_00930,2026-08-26 12:01:07.464648566,synthetic
su_00931,2026-08-21 04:55:57.177143308,synthetic
su_00932,2026-08-18 19:36:02.540800106,synthetic
su_00933,2026-08-23 16:18:53.456815111,synthetic
su_00934,2026-08-10 22:16:05.458146324,synthetic
su_00935,2026-09-09 13:52:48.942787382,synthetic
su_00936,2026-09-03 06:39:26.594672509,synthetic
su_00937,2026-08-31 10:33:13.657916108,synthetic
su_00938,2026-08-21 08:15:29.720694203,synthetic
su_00939,2026-08-09 15:45:17.584013471,synthetic
su_00940,2026-09-07 01:33:04.615728942,synthetic
su_00941,2026-08-16 15:09:06.177005907,synthetic
su_00942,2026-08-05 20:29:41.065623158,synthetic
su_00943,2026-08-16 16:03:16.074028218,synthetic
su_00944,2026-09-02 09:28:40.235089243,synthetic
su_00945,2026-08-27 00:57:55.315978304,synthetic
su_00946,2026-08-31 18:44:40.787712367,synthetic
su_00947,2026-09-02 08:44:53.595131248,synthetic
su_00948,2026-08-11 20:12:56.500702279,synthetic
su_00949,2026-09-07 04:19:10.504886678,synthetic
su_00950,2026-08-20 04:56:05.162615847,synthetic
su_00951,2026-08-27 15:26:38.833967681,synthetic
su_00952,2026-08-04 02:03:00.684205297,synthetic
su_00953,2026-09-09 18:06:40.415720854,synthetic
su_00954,2026-08-14 09:26:09.566650211,synthetic
su_00955,2026-08-06 07:06:43.338987568,synthetic
su_00956,2026-08-20 22:56:12.094383928,synthetic
su_00957,2026-08-08 18:34:43.286799551,synthetic
su_00958,2026-08-09 15:15:58.027031738,synthetic
su_00959,2026-08-27 09:28:01.696694976,synthetic
su_00960,2026-08-18 12:55:10.285371722,synthetic
su_00961,2026-09-07 02:36:17.912655488,synthetic
su_00962,2026-08-15 19:24:39.481963078,synthetic
su_00963,2026-08-30 20:50:52.634417655,synthetic
su_00964,2026-08-21 01:27:22.658319209,synthetic
su_00965,2026-08-28 10:02:12.319450079,synthetic
su_00966,2026-08-26 04:31:46.116349678,synthetic
su_00967,2026-08-21 11:49:55.804115965,synthetic
su_00968,2026-09-08 03:39:15.307295401,synthetic
su_00969,2026-08-16 16:19:46.973159043,synthetic
su_00970,2026-08-10 13:23:06.450393675,synthetic
su_00971,2026-08-29 02:08:51.093820635,synthetic
su_00972,2026-09-04 07:15:16.971989123,synthetic
su_00973,2026-08-05 11:44:43.155839948,synthetic
su_00974,2026-08-20 15:16:25.778349625,synthetic
su_00975,2026-09-06 00:31:44.646392445,synthetic
su_00976,2026-08-31 17:39:40.800972623,synthetic
su_00977,2026-09-09 16:43:30.908099618,synthetic
su_00978,2026-08-23 15:53:43.672914069,synthetic
su_00979,2026-08-28 10:04:34.313863521,synthetic
su_00980,2026-08-15 04:36:08.962741729,synthetic
su_00981,2026-09-08 01:24:41.805012244,synthetic
su_00982,2026-08-17 13:18:21.289817535,synthetic
su_00983,2026-08-31 07:47:51.046316614,synthetic
su_00984,2026-08-18 21:59:18.604527881,synthetic
su_00985,2026-08-24 18:53:42.755625396,synthetic
su_00986,2026-08-30 15:10:00.807956879,synthetic
su_00987,2026-08-22 19:56:00.696318729,synthetic
su_00988,2026-09-06 13:29:33.569864317,synthetic
su_00989,2026-08-19 12:20:21.398207624,synthetic
su_00990,2026-08-27 22:35:59.124304582,synthetic
su_00991,2026-08-16 16:01:04.226773613,synthetic
su_00992,2026-08-19 02:26:35.237000902,synthetic
su_00993,2026-08-20 06:45:52.186001020,synthetic
su_00994,2026-08-08 15:42:59.876140713,synthetic
su_00995,2026-08-07 09:27:02.257215833,synthetic
su_00996,2026-08-28 16:43:51.786315556,synthetic
su_00997,2026-08-28 06:05:59.105935069,synthetic
su_00998,2026-08-28 12:39:49.774386832,synthetic
su_00999,2026-08-04 17:33:09.372471517,synthetic
