order_id,item_index,student_id,timestamp,course,amount
ord_44324f227c51,1,1,2026-09-04 19:30:57,Аналитика старт,8950.0
ord_80af266e78c8,1,10,2026-09-06 16:25:37,Backend про,8450.0
ord_7756bc4d8e41,1,100,2026-09-07 09:30:42,Backend старт,8950.0
ord_fab1063f75ae,1,101,2026-08-20 17:34:00,Алгоритмы старт,8745.0
ord_fbd7549e3e48,1,102,2026-09-07 12:59:48,AI агенты,6475.0
ord_fbd7549e3e48,2,102,2026-09-07 12:59:48,ML про,6475.0
ord_3b2814eb66bc,1,103,2026-08-09 18:46:42,Аналитика старт,6490.0
ord_126e2c670653,1,104,2026-08-23 21:00:30,AI агенты,7475.0
ord_126e2c670653,2,104,2026-08-23 21:00:30,ML про,7475.0
ord_c7c6c312aab7,1,105,2026-09-06 11:55:22,Аналитика про,8950.0
ord_a76c6fb4be0f,1,106,2026-08-10 10:53:02,Backend старт,4950.0
ord_a76c6fb4be0f,2,106,2026-08-10 10:53:02,Алгоритмы старт,4950.0
ord_2e0ed66cf347,1,107,2026-08-23 18:28:17,AI агенты,6975.0
ord_2e0ed66cf347,2,107,2026-08-23 18:28:17,Аналитика про,6975.0
ord_95036dad6ba5,1,108,2026-09-09 04:53:08,AI агенты,6975.0
ord_a1b4949c998a,1,109,2026-09-05 17:57:36,ML про,8950.0
ord_3e7123b8033f,1,11,2026-08-27 20:09:27,ML старт,6975.0
ord_352db9af8a4a,1,110,2026-09-07 10:27:06,AI агенты,8950.0
ord_44c6df702db1,1,111,2026-08-24 16:49:26,Аналитика про,8950.0
ord_6f7942e5ca39,1,112,2026-08-11 18:41:42,ML про,8475.0
ord_6f7942e5ca39,2,112,2026-08-11 18:41:42,ML старт,8475.0
ord_19ea5cf660f5,1,113,2026-09-06 15:14:57,Аналитика про,8950.0
ord_adc85f8c4113,1,114,2026-09-01 19:16:56,AI агенты,6975.0
ord_adc85f8c4113,2,114,2026-09-01 19:16:56,ML про,6975.0
ord_d77a97192b4d,1,115,2026-09-01 13:09:50,Аналитика про,8945.0
ord_2ff4d4d27c66,1,116,2026-08-25 10:01:02,АВ тестам,7475.0
ord_2ff4d4d27c66,2,116,2026-08-25 10:01:02,Аналитика про,7475.0
ord_a13624bfbac1,1,117,2026-09-05 12:34:35,Аналитика про,8450.0
ord_2ac7f4fc1f7d,1,118,2026-08-23 08:24:45,Backend про,8450.0
ord_4d7f346be903,1,119,2026-09-07 11:34:36,Алгоритмы про,8950.0
ord_d0c54d7c6c1e,1,12,2026-08-09 16:52:01,Backend старт,6490.0
ord_83492955d9b1,1,120,2026-08-08 19:28:26,Аналитика старт,6490.0
ord_cbb7c9da8d18,1,121,2026-08-25 11:38:56,AI агенты,8950.0
ord_f35b5681754e,1,122,2026-08-27 20:55:44,ML про,7475.0
ord_f35b5681754e,2,122,2026-08-27 20:55:44,ML старт,7475.0
ord_057492a7b6c1,1,123,2026-09-09 16:23:01,Data Science,6450.0
ord_50248996c935,1,124,2026-09-04 06:34:32,Линейная алгебра,9950.0
ord_0f90917f515e,1,125,2026-09-07 08:46:37,ML про,8950.0
ord_22e8d5965c7f,1,126,2026-08-05 13:22:41,ML старт,8745.0
ord_2e3b4bf87f0b,1,127,2026-09-05 17:27:41,ML про,8950.0
ord_7ab195cf8720,1,128,2026-09-02 11:55:47,Аналитика про,8945.0
ord_d1119f866bd9,1,129,2026-08-09 10:56:45,Аналитика старт,6490.0
ord_34ea914a548b,1,13,2026-09-07 07:54:24,AI агенты,8950.0
ord_ed0637fa4ebd,1,130,2026-08-15 14:59:16,Алгоритмы,9950.0
ord_76d9181a8e5b,1,131,2026-08-04 17:05:46,Backend старт,8745.0
ord_863dc0ec1562,1,132,2026-08-13 11:39:13,Аналитика про,8745.0
ord_1731ed2f88ac,1,133,2026-08-16 09:59:37,Аналитика про,4950.0
ord_1731ed2f88ac,2,133,2026-08-16 09:59:37,Аналитика старт,4950.0
ord_65c59780dcdc,1,134,2026-08-31 08:06:47,Алгоритмы про,6975.0
ord_b2ee6a955012,1,135,2026-08-08 20:00:19,ML старт,4995.0
ord_b2ee6a955012,2,135,2026-08-08 20:00:19,Алгоритмы старт,4995.0
ord_59258fb63126,1,136,2026-08-27 08:57:04,AI агенты,7475.0
ord_59258fb63126,2,136,2026-08-27 08:57:04,Backend про,7475.0
ord_0a3c2680e209,1,137,2026-08-05 15:01:16,Backend старт,8475.0
ord_33ae3f4207e8,1,138,2026-08-09 16:33:22,ML старт,6490.0
ord_07bbfb66286f,1,138,2026-08-25 12:39:08,ML про,5750.0
ord_77045b389287,1,139,2026-09-01 20:30:07,AI агенты,6975.0
ord_77045b389287,2,139,2026-09-01 20:30:07,ML старт,6975.0
ord_afab25d99b1d,1,14,2026-08-30 23:52:21,AI агенты,8950.0
ord_f0e105959a76,1,140,2026-08-25 16:01:50,Аналитика старт,8450.0
ord_aa2901beb3ca,1,141,2026-08-24 14:48:12,Алгоритмы старт,7475.0
ord_b91f1456345e,1,142,2026-08-11 15:49:13,Аналитика старт,6490.0
ord_e2352379f316,1,143,2026-08-16 13:21:36,К ВУЗу,6950.0
ord_d9b39ced29f7,1,144,2026-08-29 11:51:08,Аналитика про,4475.0
ord_d9b39ced29f7,2,144,2026-08-29 11:51:08,Аналитика старт,4475.0
ord_1fe9a3d99b7d,1,144,2026-09-01 15:30:39,Аналитика про,8950.0
ord_4f5ff86ccdec,1,145,2026-08-30 13:06:05,Аналитика про,8950.0
ord_a6bc419af5b7,1,146,2026-08-20 16:27:30,К ВУЗу,6950.0
ord_d0522a2d891f,1,147,2026-09-05 19:46:01,ML про,7475.0
ord_d0522a2d891f,2,147,2026-09-05 19:46:01,ML старт,7475.0
ord_e799b8fa5995,1,148,2026-08-25 09:49:25,AI агенты,7475.0
ord_70ee2c00e1d2,1,149,2026-08-23 16:50:14,ML про,8950.0
ord_4c563cee6cb3,1,15,2026-09-04 15:26:00,Аналитика про,8450.0
ord_4cc6f99685d5,1,150,2026-09-06 13:11:45,Backend про,8950.0
ord_b9014380f5d3,1,151,2026-09-06 11:31:11,Аналитика про,7475.0
ord_2512a40bce72,1,152,2026-08-10 08:42:13,ML старт,6490.0
ord_b3db1ad4202a,1,153,2026-08-13 18:30:59,Алгоритмы,5750.0
ord_6853af492b62,1,154,2026-09-06 13:40:03,Алгоритмы про,8950.0
ord_64164c46bfc0,1,155,2026-09-05 10:20:56,Backend про,7475.0
ord_64164c46bfc0,2,155,2026-09-05 10:20:56,Backend старт,7475.0
ord_dd5142a32d19,1,155,2026-09-05 12:13:44,Алгоритмы старт,7000.0
ord_1da6e4a987d2,1,156,2026-08-22 10:54:14,Алгоритмы про,7475.0
ord_1da6e4a987d2,2,156,2026-08-22 10:54:14,Алгоритмы старт,7475.0
ord_5b6c7d4a2790,1,157,2026-08-31 06:39:53,AI агенты,7475.0
ord_5b6c7d4a2790,2,157,2026-08-31 06:39:53,ML про,7475.0
ord_a57c67449bca,1,158,2026-08-10 12:37:30,Backend старт,4700.0
ord_a57c67449bca,2,158,2026-08-10 12:37:30,Алгоритмы,4700.0
ord_f10f8fc89294,1,159,2026-08-05 12:56:32,Backend про,8475.0
ord_f10f8fc89294,2,159,2026-08-05 12:56:32,Backend старт,8475.0
ord_3a3c3cfc953f,1,16,2026-08-10 16:56:42,ML старт,4950.0
ord_3a3c3cfc953f,2,16,2026-08-10 16:56:42,Алгоритмы старт,4950.0
ord_7c32b0f95c39,1,160,2026-08-09 02:39:44,Аналитика старт,4995.0
ord_4f11c848d852,1,161,2026-08-08 19:49:42,Backend старт,4995.0
ord_4f11c848d852,2,161,2026-08-08 19:49:42,Алгоритмы старт,4995.0
ord_3bf789fdaebb,1,162,2026-08-15 12:51:04,К ВУЗу,6950.0
ord_7b035e8bf027,1,163,2026-08-26 01:23:32,AI агенты,8450.0
ord_c7972d1099cb,1,164,2026-08-10 13:08:15,ML старт,8745.0
ord_a7f780b6bb2d,1,165,2026-08-25 07:21:38,Аналитика про,8450.0
ord_d01dcad87e3e,1,166,2026-08-06 12:15:46,К ВУЗу,6950.0
ord_f9697612b046,1,167,2026-08-09 09:07:16,ML старт,4950.0
ord_f9697612b046,2,167,2026-08-09 09:07:16,Алгоритмы старт,4950.0
ord_1eb88d1635e9,1,168,2026-08-25 06:26:04,AI агенты,7475.0
ord_1eb88d1635e9,2,168,2026-08-25 06:26:04,ML про,7475.0
ord_3648a6a097fd,1,169,2026-09-05 15:47:16,Аналитика про,8950.0
ord_d443d099fa5d,1,17,2026-08-22 17:01:20,Алгоритмы,9950.0
ord_3ea971128aef,1,170,2026-08-12 17:51:00,ML старт,6000.0
ord_c07cf6dcba37,1,171,2026-08-31 18:20:33,Аналитика про,8950.0
ord_e0b548ca0023,1,172,2026-08-23 16:29:57,AI агенты,8950.0
ord_16d5fab6323f,1,173,2026-08-11 07:48:36,ML старт,4950.0
ord_16d5fab6323f,2,173,2026-08-11 07:48:36,Алгоритмы старт,4950.0
ord_4af01b1e16da,1,174,2026-09-05 18:41:16,ML про,7475.0
ord_4af01b1e16da,2,174,2026-09-05 18:41:16,Алгоритмы про,7475.0
ord_ee71e7f0fac7,1,175,2026-08-13 16:14:01,Теория вероятностей,9950.0
ord_7c5a243873fc,1,176,2026-08-09 16:29:58,Алгоритмы,6490.0
ord_145b2c6e5078,1,177,2026-08-28 10:47:56,Аналитика старт,8950.0
ord_9b40c0174a7c,1,178,2026-08-26 09:15:13,AI агенты,8950.0
ord_3044449f7507,1,179,2026-08-12 02:06:02,Аналитика старт,6490.0
ord_f0f23b0f026c,1,18,2026-09-05 14:29:29,Алгоритмы про,8950.0
ord_5415f0b9b61c,1,180,2026-09-06 16:23:30,Алгоритмы старт,2237.5
ord_c857abc731f4,1,181,2026-09-01 18:44:37,Аналитика про,8950.0
ord_04d41284e880,1,182,2026-09-02 10:14:11,Backend про,8950.0
ord_cee8bb968b2c,1,183,2026-08-08 10:08:11,Backend старт,6490.0
ord_5fa8a844e62f,1,184,2026-08-09 17:20:07,Алгоритмы старт,4950.0
ord_146df1730fa1,1,185,2026-08-27 14:36:47,AI агенты,6975.0
ord_146df1730fa1,2,185,2026-08-27 14:36:47,ML про,6975.0
ord_57c6ba30ef10,1,186,2026-08-10 06:13:10,Алгоритмы старт,4950.0
ord_bdc7ccd63291,1,187,2026-08-09 18:48:05,Алгоритмы старт,4495.0
ord_bdc7ccd63291,2,187,2026-08-09 18:48:05,Аналитика старт,4495.0
ord_15bde24eb45e,1,188,2026-09-06 01:03:43,Backend про,6975.0
ord_0b99cf1cbae6,1,189,2026-09-01 07:49:46,Аналитика старт,8945.0
ord_269b81bc213b,1,19,2026-08-09 11:01:50,Алгоритмы старт,4950.0
ord_269b81bc213b,2,19,2026-08-09 11:01:50,Аналитика старт,4950.0
ord_2a26022a7bfb,1,190,2026-09-09 02:52:43,Мат анализ,9950.0
ord_85809062c312,1,191,2026-08-27 15:11:14,AI агенты,7462.5
ord_85809062c312,2,191,2026-08-27 15:11:14,Алгоритмы,7462.5
ord_85809062c312,3,191,2026-08-27 15:11:14,Мат анализ,7462.5
ord_85809062c312,4,191,2026-08-27 15:11:14,Теория вероятностей,7462.5
ord_154e9cd0a990,1,192,2026-08-24 15:05:04,AI агенты,7475.0
ord_154e9cd0a990,2,192,2026-08-24 15:05:04,ML про,7475.0
ord_08813546fcf4,1,193,2026-09-06 11:49:34,AI агенты,8450.0
ord_aaa5963be0ee,1,194,2026-08-24 16:25:21,Алгоритмы старт,8950.0
ord_b4c3209caa6f,1,195,2026-09-01 10:54:53,AI агенты,8450.0
ord_d64f2af115f0,1,196,2026-09-10 06:09:12,Линейная алгебра,9950.0
ord_694abafc9083,1,197,2026-09-04 15:39:31,AI агенты,7475.0
ord_694abafc9083,2,197,2026-09-04 15:39:31,Backend про,7475.0
ord_cb0980c5b821,1,198,2026-09-04 16:44:57,Аналитика старт,7475.0
ord_f3bb7380b854,1,199,2026-08-21 09:02:18,Мат анализ,9950.0
ord_726d3c5a8e0a,1,2,2026-09-05 16:22:48,ML про,8950.0
ord_b0b57718aabf,1,20,2026-09-06 11:07:00,Аналитика про,7475.0
ord_b0b57718aabf,2,20,2026-09-06 11:07:00,Аналитика старт,7475.0
ord_cf69e33d5ed1,1,200,2026-08-22 19:40:16,Аналитика про,7475.0
ord_cf69e33d5ed1,2,200,2026-08-22 19:40:16,Аналитика старт,7475.0
ord_ce639eae7c06,1,201,2026-08-24 17:28:20,Data Science,6950.0
ord_076397626a57,1,202,2026-08-25 19:24:14,AI агенты,7475.0
ord_076397626a57,2,202,2026-08-25 19:24:14,Backend про,7475.0
ord_2ec99016c8d9,1,203,2026-08-23 20:42:20,AI агенты,7475.0
ord_2ec99016c8d9,2,203,2026-08-23 20:42:20,Аналитика про,7475.0
ord_1a1ea7a0f815,1,204,2026-09-07 13:39:13,ML про,8950.0
ord_d4930b35e66c,1,205,2026-09-03 15:01:50,Аналитика про,8950.0
ord_beceecf62b78,1,206,2026-08-09 13:00:12,Backend старт,4995.0
ord_beceecf62b78,2,206,2026-08-09 13:00:12,Алгоритмы,4995.0
ord_377006081bf8,1,207,2026-08-09 10:15:38,Алгоритмы старт,6490.0
ord_2450a95b13ee,1,208,2026-08-13 19:25:17,К ВУЗу,6450.0
ord_256987df7f8e,1,209,2026-08-23 06:58:29,Backend про,8950.0
ord_c56b76f5156e,1,21,2026-08-10 16:29:36,Алгоритмы старт,4950.0
ord_c56b76f5156e,2,21,2026-08-10 16:29:36,Аналитика старт,4950.0
ord_afa88efd73ac,1,210,2026-09-05 17:12:38,Аналитика старт,7475.0
ord_a364d28f81d5,1,211,2026-08-22 11:08:24,AI агенты,7475.0
ord_a364d28f81d5,2,211,2026-08-22 11:08:24,ML про,7475.0
ord_97a4fc244d0b,1,212,2026-09-09 15:03:44,Алгоритмы про,7475.0
ord_97a4fc244d0b,2,212,2026-09-09 15:03:44,Алгоритмы старт,7475.0
ord_183cfca353af,1,213,2026-08-23 20:58:38,Аналитика про,8950.0
ord_7f216fc464b7,1,214,2026-09-07 14:02:50,AI агенты,8950.0
ord_6788bb049619,1,215,2026-08-24 03:22:36,Алгоритмы про,6975.0
ord_a6132404b0e8,1,216,2026-08-23 18:13:18,AI агенты,7475.0
ord_44a00d353e72,1,217,2026-08-10 14:24:20,К ВУЗу,6950.0
ord_25369a131dab,1,218,2026-08-22 09:03:23,Backend про,8475.0
ord_25369a131dab,2,218,2026-08-22 09:03:23,Алгоритмы про,8475.0
ord_6848357bc0d8,1,219,2026-08-28 13:23:53,Мат анализ,9950.0
ord_459a77c0a24f,1,22,2026-09-06 14:41:56,ML про,8450.0
ord_120e8119bbbd,1,220,2026-08-22 19:19:35,Линейная алгебра,9950.0
ord_f2fa0bcd0338,1,221,2026-08-23 07:41:37,Аналитика про,7475.0
ord_f2fa0bcd0338,2,221,2026-08-23 07:41:37,Аналитика старт,7475.0
ord_d4a74dc6be2e,1,222,2026-08-05 18:52:56,Backend про,7975.0
ord_d4a74dc6be2e,2,222,2026-08-05 18:52:56,Backend старт,7975.0
ord_90c86d611d79,1,223,2026-08-09 20:27:29,Алгоритмы старт,6490.0
ord_c1f1a16b87ae,1,224,2026-09-09 08:55:28,Аналитика про,8450.0
ord_f5738e0d34d2,1,225,2026-08-05 14:22:34,АВ тестам,8745.0
ord_6fcc164554b7,1,226,2026-09-01 17:03:44,ML старт,7475.0
ord_d99a8c36b2d7,1,227,2026-08-08 20:08:33,ML старт,4725.0
ord_d99a8c36b2d7,2,227,2026-08-08 20:08:33,Алгоритмы старт,4725.0
ord_4f30cb642bc2,1,228,2026-08-09 19:02:28,Data Science,6450.0
ord_00b414105480,1,228,2026-09-07 07:42:35,AI агенты,8950.0
ord_bd1eff6c4ded,1,229,2026-08-14 04:19:44,Теория вероятностей,9950.0
ord_99d63b5e26d0,1,229,2026-08-23 15:38:51,AI агенты,8450.0
ord_5f015d177d1e,1,23,2026-09-06 15:39:44,ML старт,2237.5
ord_37361df7574c,1,230,2026-09-03 15:07:18,Аналитика про,8950.0
ord_5aa9a464ab35,1,231,2026-09-01 18:08:01,Алгоритмы,8245.0
ord_5aa9a464ab35,2,231,2026-09-01 18:08:01,Дискретка,8245.0
ord_5aa9a464ab35,3,231,2026-09-01 18:08:01,Линейная алгебра,8245.0
ord_5aa9a464ab35,4,231,2026-09-01 18:08:01,Мат анализ,8245.0
ord_5aa9a464ab35,5,231,2026-09-01 18:08:01,Теория вероятностей,8245.0
ord_b74961cc5b6f,1,232,2026-08-09 10:47:20,Аналитика старт,6490.0
ord_532f25f3d6a8,1,233,2026-08-08 18:51:08,Аналитика старт,6490.0
ord_7e3a6c76e867,1,234,2026-08-12 06:04:03,ML старт,4950.0
ord_201c822a24c4,1,235,2026-08-23 16:04:24,AI агенты,8450.0
ord_af4b3d4ee812,1,236,2026-08-29 05:27:29,ML про,7475.0
ord_0e4bd99c6ec5,1,237,2026-08-23 13:29:45,AI агенты,8950.0
ord_e86334cd77ef,1,238,2026-09-05 13:28:56,Backend про,8950.0
ord_3d681b7851ef,1,239,2026-08-31 17:06:09,Аналитика про,8450.0
ord_f6021294c880,1,24,2026-09-05 18:23:21,ML про,8950.0
ord_bfbdd3088f00,1,240,2026-08-22 18:00:15,Алгоритмы про,6450.0
ord_890c93b1c861,1,241,2026-08-30 17:07:59,Backend старт,8950.0
ord_25de8f83c331,1,242,2026-08-29 13:44:52,ML про,8950.0
ord_9f739b37aaa7,1,243,2026-08-24 10:40:35,AI агенты,8950.0
ord_e34ec681fbac,1,244,2026-09-02 10:24:40,Алгоритмы старт,8950.0
ord_5af96e51050b,1,245,2026-09-05 15:54:58,Backend про,8950.0
ord_fe78407b22be,1,246,2026-09-07 16:45:55,Мат анализ,9950.0
ord_cde516ddac4a,1,247,2026-09-01 14:59:35,ML про,7475.0
ord_cde516ddac4a,2,247,2026-09-01 14:59:35,ML старт,7475.0
ord_127af47915d1,1,248,2026-08-22 13:43:42,ML про,7475.0
ord_83ec23d4d8f1,1,249,2026-08-07 19:38:55,К ВУЗу,6950.0
ord_ba996b6b932a,1,25,2026-08-30 18:34:15,ML про,8450.0
ord_38d0c03b95f5,1,250,2026-09-05 14:54:24,Backend про,7475.0
ord_38d0c03b95f5,2,250,2026-09-05 14:54:24,Backend старт,7475.0
ord_41c9d34122a1,1,251,2026-09-06 18:05:45,Мат анализ,9950.0
ord_c3e2808e89ea,1,252,2026-09-03 16:36:15,Backend про,8950.0
ord_2bfa7a2baa22,1,253,2026-08-30 17:04:49,AI агенты,8950.0
ord_e82f53145299,1,254,2026-09-07 14:53:39,Алгоритмы про,7475.0
ord_e82f53145299,2,254,2026-09-07 14:53:39,Алгоритмы старт,7475.0
ord_35deb40225c1,1,255,2026-08-26 14:52:53,ML старт,8950.0
ord_37a094aecf1b,1,256,2026-08-08 17:54:37,ML старт,5990.0
ord_78dae08be231,1,257,2026-08-23 20:56:06,Backend про,8450.0
ord_1cec027f532b,1,258,2026-08-10 15:03:03,Алгоритмы,6490.0
ord_0fded6be3396,1,259,2026-08-08 07:59:01,ML про,8745.0
ord_748f8bc49292,1,26,2026-08-08 09:23:01,Backend старт,6490.0
ord_c4400700e0a9,1,26,2026-08-31 14:03:44,Backend про,8975.0
ord_c4400700e0a9,2,26,2026-08-31 14:03:44,Дискретка,8975.0
ord_e14bda4e827d,1,260,2026-08-12 05:32:11,Алгоритмы,4950.0
ord_e14bda4e827d,2,260,2026-08-12 05:32:11,Алгоритмы про,4950.0
ord_8eeb59be15a9,1,261,2026-09-06 16:06:04,AI агенты,8950.0
ord_f26394c47bf4,1,262,2026-08-09 09:10:55,Backend про,6490.0
ord_1cbd61ea100d,1,263,2026-08-22 19:53:10,ML про,8950.0
ord_3d1a6ce6c8dc,1,263,2026-08-25 03:19:38,AI агенты,6000.0
ord_5c7df7cf31eb,1,264,2026-09-02 18:37:57,Backend про,4225.0
ord_5c7df7cf31eb,2,264,2026-09-02 18:37:57,Алгоритмы,4225.0
ord_0e5ec51cc7df,1,265,2026-08-08 16:25:28,ML старт,5990.0
ord_a69b764ac27b,1,266,2026-09-02 11:33:22,Мат анализ,10000.0
ord_555c2fc09147,1,267,2026-08-31 08:26:17,Аналитика про,8950.0
ord_a9c7e9b49e00,1,268,2026-08-24 12:52:49,AI агенты,8950.0
ord_cf2add5206f8,1,269,2026-08-25 22:26:03,Backend про,7475.0
ord_5f545fd4862d,1,27,2026-08-29 14:47:39,ML про,8950.0
ord_46c5cdbb3aa4,1,270,2026-09-05 14:08:51,Аналитика про,8950.0
ord_58a3d10d1fef,1,271,2026-09-03 12:55:50,ML про,7475.0
ord_58a3d10d1fef,2,271,2026-09-03 12:55:50,Алгоритмы про,7475.0
ord_f1a6f01a94f5,1,272,2026-08-31 18:34:40,Аналитика про,8950.0
ord_d7f7722a09ed,1,273,2026-09-03 08:17:51,ML про,8950.0
ord_590bb4ff7f1a,1,274,2026-08-30 23:37:30,Аналитика про,6975.0
ord_c00dbc4c518f,1,275,2026-08-13 09:51:23,Алгоритмы старт,8745.0
ord_d8c9fb909651,1,275,2026-09-06 11:58:58,AI агенты,6975.0
ord_d8c9fb909651,2,275,2026-09-06 11:58:58,ML про,6975.0
ord_9bf3d58622a1,1,276,2026-08-15 12:43:23,ML старт,2875.0
ord_9bf3d58622a1,2,276,2026-08-15 12:43:23,Алгоритмы старт,2875.0
ord_e5b0918b3515,1,277,2026-08-22 11:24:53,Backend про,5750.0
ord_40c9525b5cf0,1,278,2026-09-06 17:31:06,Аналитика про,7475.0
ord_40c9525b5cf0,2,278,2026-09-06 17:31:06,Аналитика старт,7475.0
ord_da49a6b19212,1,279,2026-08-09 09:48:26,Аналитика старт,6490.0
ord_bec010dc7db8,1,28,2026-09-04 15:15:34,Аналитика про,7475.0
ord_bec010dc7db8,2,28,2026-09-04 15:15:34,Аналитика старт,7475.0
ord_47c290f44a1a,1,280,2026-08-05 16:37:02,ML старт,8245.0
ord_3857f91b7ae4,1,281,2026-08-11 12:02:08,ML старт,4950.0
ord_49e8ed9709f3,1,282,2026-08-09 18:55:57,ML про,8745.0
ord_2fcf38bd11aa,1,283,2026-09-09 13:34:09,AI агенты,7475.0
ord_2fcf38bd11aa,2,283,2026-09-09 13:34:09,ML про,7475.0
ord_3e8a07bb68ef,1,284,2026-08-30 11:56:49,ML про,6975.0
ord_709e472cc680,1,285,2026-08-30 08:22:49,AI агенты,6975.0
ord_709e472cc680,2,285,2026-08-30 08:22:49,ML про,6975.0
ord_d02c162b826d,1,286,2026-08-09 16:16:39,Аналитика старт,6490.0
ord_cb78a1a26b80,1,287,2026-08-19 07:46:07,Data Science,6950.0
ord_49512fb1252c,1,288,2026-09-02 08:57:12,Аналитика про,8945.0
ord_9f3deef3dc31,1,289,2026-08-28 16:24:51,AI агенты,8950.0
ord_4af0089bc92c,1,29,2026-08-28 18:20:56,Backend старт,8450.0
ord_7d2a580c0613,1,290,2026-08-23 16:53:02,Аналитика старт,7475.0
ord_0dc8b16836b3,1,291,2026-08-06 10:06:16,Линейная алгебра,9950.0
ord_0dc8b16836b3,2,291,2026-08-06 10:06:16,Мат анализ,9950.0
ord_e31d5ca2eb37,1,292,2026-09-06 12:59:39,ML про,6975.0
ord_fb65c20ece57,1,293,2026-08-22 11:35:35,Backend про,8950.0
ord_af30faba21a1,1,294,2026-08-06 10:39:31,Линейная алгебра,9950.0
ord_39235d472d72,1,295,2026-08-06 10:14:55,К ВУЗу,6950.0
ord_7901df9b4d5a,1,296,2026-09-01 10:46:43,Аналитика старт,8950.0
ord_a6bc165d7174,1,297,2026-08-22 17:26:07,Алгоритмы,8450.0
ord_d27df1b85708,1,298,2026-08-23 18:48:14,Аналитика про,6975.0
ord_7ff3109d35cd,1,299,2026-08-24 16:58:19,Аналитика про,8950.0
ord_9e5c120f1921,1,3,2026-09-03 22:47:02,АВ тестам,5975.0
ord_7c532e220090,1,30,2026-08-23 10:06:51,ML про,8950.0
ord_99cf42417c96,1,300,2026-09-06 17:58:00,Data Science,6950.0
ord_9f6085f91eb9,1,301,2026-08-31 20:57:15,ML старт,8975.0
ord_9f6085f91eb9,2,301,2026-08-31 20:57:15,Аналитика старт,8975.0
ord_ba0c22ffb938,1,302,2026-09-04 15:20:47,Аналитика про,7475.0
ord_973b93197575,1,303,2026-09-04 15:21:52,ML про,7475.0
ord_973b93197575,2,303,2026-09-04 15:21:52,ML старт,7475.0
ord_ad439766012e,1,304,2026-08-11 15:52:40,К ВУЗу,6950.0
ord_f34bce33e183,1,305,2026-08-31 17:03:19,Алгоритмы про,7475.0
ord_f34bce33e183,2,305,2026-08-31 17:03:19,Алгоритмы старт,7475.0
ord_b64cd962e103,1,306,2026-09-06 16:18:59,ML старт,8950.0
ord_9a7624552ade,1,307,2026-08-23 15:39:57,Аналитика про,8450.0
ord_9c602a63a7e5,1,308,2026-08-08 14:05:17,Backend старт,4950.0
ord_9c602a63a7e5,2,308,2026-08-08 14:05:17,Алгоритмы старт,4950.0
ord_927b7b145717,1,309,2026-09-05 09:55:40,ML про,8950.0
ord_687b58f9b32b,1,31,2026-09-05 11:00:21,ML про,7475.0
ord_6ab8da7b22bf,1,310,2026-09-06 16:38:02,AI агенты,7475.0
ord_6ab8da7b22bf,2,310,2026-09-06 16:38:02,ML про,7475.0
ord_ea81f93eaac2,1,311,2026-08-11 16:15:41,ML старт,4950.0
ord_ea81f93eaac2,2,311,2026-08-11 16:15:41,Алгоритмы старт,4950.0
ord_06cbd83b5016,1,312,2026-08-23 09:59:13,Аналитика про,7475.0
ord_0a5bcaef7780,1,313,2026-08-07 11:58:49,Мат анализ,9450.0
ord_4ff6a1c6f9cf,1,314,2026-08-28 18:44:36,Аналитика старт,8950.0
ord_b96cc0fc5301,1,315,2026-08-23 16:40:25,AI агенты,7475.0
ord_b96cc0fc5301,2,315,2026-08-23 16:40:25,Backend про,7475.0
ord_9787a3e1bd39,1,316,2026-08-14 12:59:02,АВ тестам,4495.0
ord_70745c28f218,1,317,2026-09-04 13:16:14,Аналитика про,8950.0
ord_7e2cedd89801,1,318,2026-09-03 17:23:38,Аналитика про,8450.0
ord_e6a1286651bb,1,319,2026-08-09 17:25:06,ML старт,4950.0
ord_1c11b9dc4c43,1,32,2026-08-09 04:36:11,ML старт,6490.0
ord_4dc7e574f51a,1,320,2026-08-08 19:54:31,Алгоритмы старт,4995.0
ord_4dc7e574f51a,2,320,2026-08-08 19:54:31,Аналитика старт,4995.0
ord_ea9f67bdf793,1,321,2026-08-09 16:24:15,ML старт,6490.0
ord_488ff8b4746b,1,322,2026-08-28 14:03:47,ML про,7475.0
ord_488ff8b4746b,2,322,2026-08-28 14:03:47,Алгоритмы старт,7475.0
ord_99463ae24ffa,1,323,2026-08-09 18:56:09,Backend старт,4995.0
ord_99463ae24ffa,2,323,2026-08-09 18:56:09,Алгоритмы,4995.0
ord_135bfa95ad03,1,324,2026-08-31 19:22:31,AI агенты,8450.0
ord_ddbb4541344b,1,325,2026-08-06 11:41:17,Линейная алгебра,9950.0
ord_12861ede06bc,1,326,2026-09-04 10:55:46,Аналитика про,7475.0
ord_12861ede06bc,2,326,2026-09-04 10:55:46,Аналитика старт,7475.0
ord_8bf454f78365,1,327,2026-09-06 12:45:38,AI агенты,8950.0
ord_b859f844b1a5,1,328,2026-09-05 10:58:26,ML про,7475.0
ord_b859f844b1a5,2,328,2026-09-05 10:58:26,Аналитика про,7475.0
ord_e7831452ced4,1,329,2026-08-09 16:51:47,Алгоритмы старт,6490.0
ord_928f10d2291e,1,33,2026-08-08 16:26:36,Backend старт,4995.0
ord_928f10d2291e,2,33,2026-08-08 16:26:36,Алгоритмы старт,4995.0
ord_fd39b10c3908,1,330,2026-09-03 15:10:16,Аналитика про,7475.0
ord_fd39b10c3908,2,330,2026-09-03 15:10:16,Аналитика старт,7475.0
ord_57c16afa67f8,1,331,2026-08-09 16:31:09,Алгоритмы старт,4995.0
ord_57c16afa67f8,2,331,2026-08-09 16:31:09,Аналитика старт,4995.0
ord_e02a7725112b,1,332,2026-08-12 06:44:05,ML старт,9900.0
ord_c067826c2ca3,1,333,2026-08-08 18:25:13,Аналитика старт,6490.0
ord_590ced3b4422,1,334,2026-08-07 11:16:14,Линейная алгебра,9950.0
ord_590ced3b4422,2,334,2026-08-07 11:16:14,Мат анализ,9950.0
ord_34af20259fbd,1,335,2026-08-09 16:07:42,ML старт,4950.0
ord_34af20259fbd,2,335,2026-08-09 16:07:42,Алгоритмы старт,4950.0
ord_95bd993ee285,1,336,2026-08-09 13:48:41,ML старт,4950.0
ord_95bd993ee285,2,336,2026-08-09 13:48:41,Алгоритмы старт,4950.0
ord_877431ec0c32,1,337,2026-09-09 15:41:19,Алгоритмы про,7475.0
ord_4ecca7af4cf8,1,338,2026-08-23 06:47:37,Аналитика про,7475.0
ord_4ecca7af4cf8,2,338,2026-08-23 06:47:37,Аналитика старт,7475.0
ord_1d1e325b1015,1,339,2026-08-11 12:22:26,К ВУЗу,6450.0
ord_1f8f5738f7a5,1,34,2026-09-01 17:23:37,Аналитика про,8945.0
ord_cf90c8fbe960,1,340,2026-08-29 09:29:52,АВ тестам,5975.0
ord_cf90c8fbe960,2,340,2026-08-29 09:29:52,Аналитика старт,5975.0
ord_485909dd6b46,1,341,2026-08-23 11:59:04,ML про,8950.0
ord_d64b7b2d3a01,1,342,2026-08-13 09:48:34,Теория вероятностей,9950.0
ord_45ba707a0222,1,343,2026-09-01 19:07:54,ML старт,8950.0
ord_5ef8606e1419,1,344,2026-09-06 14:48:52,AI агенты,8950.0
ord_5965176b6287,1,345,2026-09-03 16:33:15,Аналитика про,8950.0
ord_ababed0c5621,1,346,2026-08-18 10:15:05,ML старт,8745.0
ord_f6acca64ad00,1,347,2026-09-06 18:35:08,Аналитика про,7475.0
ord_962831a9388f,1,348,2026-08-12 19:17:21,К ВУЗу,6950.0
ord_660500ab0aa9,1,349,2026-09-09 16:10:16,Алгоритмы старт,7475.0
ord_b72be25fba0f,1,35,2026-09-02 22:38:59,Backend про,4225.0
ord_7bace96e0c9b,1,350,2026-09-05 18:12:55,Аналитика про,8450.0
ord_239a0aae9906,1,351,2026-08-20 11:12:25,Линейная алгебра,9450.0
ord_c096b6fe94ff,1,352,2026-09-03 16:22:06,Алгоритмы про,8450.0
ord_ecd9f75966a5,1,353,2026-08-22 11:39:22,Аналитика старт,8950.0
ord_841355f12918,1,354,2026-09-04 13:47:25,Дискретка,8245.0
ord_552bf3c19d58,1,355,2026-09-02 14:30:26,Backend про,8450.0
ord_e2384786940e,1,356,2026-08-09 13:48:05,Backend старт,6950.0
ord_6358eee5bb3a,1,357,2026-08-24 02:46:33,Теория вероятностей,9950.0
ord_75d75d5c2011,1,358,2026-09-09 06:30:33,Аналитика про,8450.0
ord_1483e99251d1,1,359,2026-09-06 18:40:33,Аналитика старт,7475.0
ord_be126db06077,1,36,2026-09-09 19:26:20,Алгоритмы,8950.0
ord_be126db06077,2,36,2026-09-09 19:26:20,Дискретка,8950.0
ord_be126db06077,3,36,2026-09-09 19:26:20,Линейная алгебра,8950.0
ord_be126db06077,4,36,2026-09-09 19:26:20,Мат анализ,8950.0
ord_be126db06077,5,36,2026-09-09 19:26:20,Теория вероятностей,8950.0
ord_263e75057c5b,1,360,2026-08-23 20:57:22,AI агенты,8950.0
ord_4ff3d6061046,1,361,2026-08-17 10:53:42,ML старт,8745.0
ord_4ff3d6061046,2,361,2026-08-17 10:53:42,Алгоритмы старт,8745.0
ord_79e5d7e342fa,1,362,2026-09-05 14:52:23,ML про,8450.0
ord_9c73b93ebeb1,1,363,2026-09-04 06:28:52,Backend про,8945.0
ord_d4ed7a4954db,1,364,2026-08-13 00:01:02,Аналитика про,8475.0
ord_5f7de6c74100,1,365,2026-08-09 16:15:08,ML старт,6490.0
ord_67c7c79589a4,1,366,2026-09-06 15:18:37,AI агенты,2237.5
ord_67c7c79589a4,2,366,2026-09-06 15:18:37,ML про,2237.5
ord_67c7c79589a4,3,366,2026-09-06 15:18:37,ML старт,2237.5
ord_67c7c79589a4,4,366,2026-09-06 15:18:37,Алгоритмы старт,2237.5
ord_7931824c632d,1,367,2026-08-23 18:18:15,Аналитика старт,8245.0
ord_69b507cb1402,1,368,2026-08-24 14:21:10,Аналитика про,8950.0
ord_d9f1a7255d73,1,369,2026-08-09 18:53:23,Алгоритмы старт,4495.0
ord_1f9f13a88c1c,1,37,2026-09-02 04:13:14,Backend про,5750.0
ord_69db2aa15c44,1,370,2026-08-08 14:10:35,Backend старт,6490.0
ord_48af7745d102,1,370,2026-08-22 11:14:12,Backend про,5750.0
ord_a81c8e5f13b0,1,371,2026-08-09 17:17:09,ML старт,4950.0
ord_a81c8e5f13b0,2,371,2026-08-09 17:17:09,Алгоритмы старт,4950.0
ord_9ef922fe7db1,1,372,2026-08-22 15:11:44,AI агенты,7450.0
ord_831125eff2a0,1,373,2026-08-22 18:58:36,Алгоритмы про,7475.0
ord_831125eff2a0,2,373,2026-08-22 18:58:36,Алгоритмы старт,7475.0
ord_b302ac72e01b,1,374,2026-08-09 19:11:48,Data Science,6450.0
ord_23ecd941d316,1,375,2026-09-04 14:19:28,Алгоритмы про,7000.0
ord_5d605f891c4d,1,376,2026-09-03 15:43:04,К ВУЗу,6950.0
ord_1c319f621766,1,377,2026-09-05 19:24:12,Аналитика про,7475.0
ord_1c319f621766,2,377,2026-09-05 19:24:12,Аналитика старт,7475.0
ord_d6c3baf2a59d,1,378,2026-09-04 15:08:47,Аналитика про,8950.0
ord_3947b6dd5865,1,379,2026-09-04 11:44:55,Аналитика про,7475.0
ord_1e3f658b7c5c,1,38,2026-08-09 12:15:31,Аналитика старт,6490.0
ord_294593978805,1,380,2026-08-09 17:19:11,ML старт,6490.0
ord_ea25512b73c2,1,381,2026-09-09 14:46:43,Аналитика старт,8950.0
ord_8340200fdb32,1,382,2026-08-09 18:58:42,ML старт,4450.0
ord_8340200fdb32,2,382,2026-08-09 18:58:42,Алгоритмы старт,4450.0
ord_690ae97f65a4,1,383,2026-09-04 14:11:02,Аналитика про,8950.0
ord_2c00935b67ae,1,384,2026-09-04 20:38:50,Аналитика про,8450.0
ord_bf505f161b2e,1,385,2026-09-02 14:17:34,АВ тестам,5975.0
ord_bf505f161b2e,2,385,2026-09-02 14:17:34,Аналитика старт,5975.0
ord_5cef4c62a827,1,386,2026-08-19 13:53:46,Backend про,7000.0
ord_a755e94b3e12,1,387,2026-08-31 09:09:41,AI агенты,8545.0
ord_0d145d2e15fe,1,388,2026-08-12 13:28:18,ML старт,7000.0
ord_5f20ace6fc1f,1,389,2026-08-09 10:18:12,ML старт,4950.0
ord_5f20ace6fc1f,2,389,2026-08-09 10:18:12,Алгоритмы старт,4950.0
ord_f8def145da1a,1,389,2026-08-10 19:12:23,Аналитика старт,5990.0
ord_2de2b58204c3,1,39,2026-08-27 17:02:28,Мат анализ,9950.0
ord_1d3cac61f0bf,1,390,2026-09-01 02:23:30,Аналитика старт,8975.0
ord_ce27f3cfbb16,1,391,2026-08-14 18:55:11,Алгоритмы старт,8745.0
ord_7be70cebd233,1,392,2026-08-20 13:14:17,Аналитика старт,8745.0
ord_4f582873a606,1,393,2026-08-29 09:45:18,Мат анализ,9450.0
ord_7602a24669d5,1,394,2026-09-05 10:17:43,Алгоритмы про,8950.0
ord_45b32cd1647c,1,395,2026-09-03 11:18:32,ML про,8950.0
ord_45e8876f6cfa,1,396,2026-09-06 19:15:37,Мат анализ,9950.0
ord_69fa7e46bd7f,1,397,2026-09-05 11:02:15,Аналитика старт,8950.0
ord_cbadcd188ed8,1,398,2026-09-05 18:06:36,ML про,8950.0
ord_a9b9ff4a43be,1,399,2026-09-06 19:02:33,ML про,8950.0
ord_0c344a2d8772,1,4,2026-08-31 15:42:34,AI агенты,8950.0
ord_fb5c1dbaecda,1,40,2026-08-09 16:36:02,Аналитика старт,6490.0
ord_8ad3d539446f,1,400,2026-08-09 16:12:09,Алгоритмы старт,6490.0
ord_8b88494f605b,1,401,2026-08-08 22:16:55,Backend про,8245.0
ord_c0cdb47ceff3,1,402,2026-08-09 17:25:40,ML старт,4995.0
ord_c0cdb47ceff3,2,402,2026-08-09 17:25:40,Алгоритмы старт,4995.0
ord_0bf6046efc8a,1,402,2026-09-03 17:30:08,ML про,8450.0
ord_86b06f25a339,1,403,2026-08-31 10:18:44,Backend про,8950.0
ord_a1e57b2d3da5,1,404,2026-09-02 19:30:00,Алгоритмы про,7475.0
ord_be41abe10903,1,405,2026-09-05 14:29:26,Backend старт,8950.0
ord_2ed00dbff83c,1,406,2026-09-05 13:55:08,ML про,8450.0
ord_6f110cd80b95,1,407,2026-09-09 23:11:20,Линейная алгебра,8950.0
ord_ed13c85c255c,1,408,2026-08-10 15:22:41,Аналитика старт,6490.0
ord_81efa0ac2de4,1,409,2026-09-03 21:58:56,AI агенты,5000.0
ord_c4644b0e0f2d,1,41,2026-08-12 10:22:39,ML старт,6500.0
ord_4178ae8f2bc4,1,410,2026-08-08 16:51:05,Backend старт,6490.0
ord_f14db6e5243d,1,411,2026-08-30 11:21:33,AI агенты,8545.0
ord_e24d7c54ef5f,1,412,2026-08-08 14:06:52,ML старт,4995.0
ord_e24d7c54ef5f,2,412,2026-08-08 14:06:52,Алгоритмы старт,4995.0
ord_8098d1de8413,1,413,2026-08-18 19:40:47,Аналитика старт,8745.0
ord_38c712db78c9,1,414,2026-09-05 16:25:16,ML про,8950.0
ord_4fac11f0a106,1,415,2026-08-09 04:51:42,Backend старт,4995.0
ord_0a4730bec9df,1,416,2026-09-05 21:19:33,Backend про,6975.0
ord_0a4730bec9df,2,416,2026-09-05 21:19:33,ML про,6975.0
ord_6aa7158ecf66,1,417,2026-08-11 10:51:54,К ВУЗу,6950.0
ord_602d73de5f86,1,418,2026-08-26 04:03:43,Backend про,7475.0
ord_602d73de5f86,2,418,2026-08-26 04:03:43,Backend старт,7475.0
ord_db7e6f7f033e,1,419,2026-09-02 10:06:52,ML про,7475.0
ord_db7e6f7f033e,2,419,2026-09-02 10:06:52,Алгоритмы про,7475.0
ord_efda38df57f4,1,42,2026-09-06 11:42:46,ML про,8450.0
ord_abf7712e12f1,1,420,2026-08-14 20:17:00,К ВУЗу,6950.0
ord_714cff1bea2e,1,421,2026-08-08 20:25:37,Data Engenering,4995.0
ord_714cff1bea2e,2,421,2026-08-08 20:25:37,Алгоритмы,4995.0
ord_c012ccb00c4f,1,422,2026-09-02 15:30:05,Теория вероятностей,9450.0
ord_adeb2ba1981c,1,423,2026-09-01 12:44:58,ML про,7475.0
ord_683e175bdf9d,1,424,2026-08-23 17:45:31,AI агенты,7475.0
ord_683e175bdf9d,2,424,2026-08-23 17:45:31,Аналитика про,7475.0
ord_2aa1c00e3027,1,425,2026-08-24 07:03:39,AI агенты,8503.0
ord_72b02976e17d,1,426,2026-08-13 09:26:22,ML старт,6000.0
ord_05b980c654d8,1,427,2026-08-08 19:23:46,ML старт,4950.0
ord_05b980c654d8,2,427,2026-08-08 19:23:46,Алгоритмы,4950.0
ord_3233f27dd951,1,428,2026-09-04 18:33:44,ML про,8950.0
ord_3233f27dd951,2,428,2026-09-04 18:33:44,ML старт,8950.0
ord_42324b2e3165,1,429,2026-09-08 13:04:06,Мат анализ,9950.0
ord_f90039fd6408,1,43,2026-09-05 07:16:30,АВ тестам,6475.0
ord_f90039fd6408,2,43,2026-09-05 07:16:30,Аналитика старт,6475.0
ord_270b804b75f1,1,430,2026-08-04 13:38:06,К ВУЗу,8950.0
ord_1fe30b789e57,1,430,2026-08-23 16:17:56,К ВУЗу,8000.0
ord_c561b01f9c91,1,431,2026-09-05 15:28:29,Алгоритмы старт,8950.0
ord_97eddacf988d,1,432,2026-08-29 19:39:58,Backend про,8950.0
ord_2827ece2be1b,1,432,2026-08-30 10:31:12,AI агенты,8545.0
ord_5617a1c37eba,1,433,2026-08-09 19:40:37,ML старт,4950.0
ord_5617a1c37eba,2,433,2026-08-09 19:40:37,Алгоритмы старт,4950.0
ord_ae5d6129364f,1,434,2026-09-06 15:23:19,Backend про,8450.0
ord_897883fd1564,1,435,2026-08-09 16:13:53,Аналитика про,4950.0
ord_897883fd1564,2,435,2026-08-09 16:13:53,Аналитика старт,4950.0
ord_b8ac3ff4b8d4,1,436,2026-08-23 15:04:52,Алгоритмы про,8450.0
ord_ad06232a1c0f,1,437,2026-08-04 09:08:31,ML про,8950.0
ord_837c57f2e842,1,437,2026-08-04 09:35:00,Аналитика старт,7890.0
ord_5956830270d2,1,437,2026-08-22 08:23:59,AI агенты,8950.0
ord_f712f6cc35d5,1,437,2026-08-30 16:16:42,AI агенты,1000.0
ord_2f78661d82e9,1,438,2026-09-09 13:24:37,Аналитика про,8950.0
ord_bd7c9b7467b9,1,439,2026-08-09 20:20:29,Backend старт,6490.0
ord_5e9f45e4ab10,1,44,2026-09-06 12:29:18,AI агенты,6975.0
ord_c6935b8f98bb,1,440,2026-08-24 03:20:05,ML про,7475.0
ord_5812a74605dc,1,441,2026-08-16 09:40:30,Алгоритмы старт,8745.0
ord_95fe227aab34,1,442,2026-08-14 11:21:45,К ВУЗу,6950.0
ord_fe0111be5fd2,1,443,2026-08-04 10:14:38,Линейная алгебра,8475.0
ord_fe0111be5fd2,2,443,2026-08-04 10:14:38,Мат анализ,8475.0
ord_75f8f247326c,1,444,2026-09-09 16:46:07,Алгоритмы про,7475.0
ord_75f8f247326c,2,444,2026-09-09 16:46:07,Алгоритмы старт,7475.0
ord_aeea7f764f37,1,445,2026-08-10 00:36:19,Аналитика про,4950.0
ord_39a2dfe3e9ce,1,446,2026-08-10 09:02:50,Data Engenering,6950.0
ord_20f6eedc8c53,1,447,2026-08-23 13:46:56,Backend про,8450.0
ord_6fd3842b2c72,1,448,2026-08-14 14:23:30,ML про,8475.0
ord_6fd3842b2c72,2,448,2026-08-14 14:23:30,ML старт,8475.0
ord_142b55618fb5,1,449,2026-09-06 17:28:24,Алгоритмы старт,8950.0
ord_210787d94c0e,1,45,2026-08-14 10:04:52,Алгоритмы,5750.0
ord_0fe6ac00a1eb,1,450,2026-09-03 06:06:37,Backend про,8950.0
ord_5e68f325058b,1,451,2026-08-08 16:24:46,Backend про,8245.0
ord_91551c05a845,1,452,2026-08-25 21:09:34,AI агенты,8450.0
ord_853a1893188e,1,453,2026-08-11 17:07:53,Алгоритмы старт,4950.0
ord_a52a3e29f313,1,454,2026-09-07 04:33:26,ML про,8950.0
ord_7d298c57ea8b,1,455,2026-08-25 07:53:50,Backend старт,8950.0
ord_af67053bd721,1,456,2026-09-08 17:57:42,Мат анализ,9950.0
ord_48dcf1cb9c5f,1,457,2026-08-09 10:16:31,Алгоритмы старт,6490.0
ord_cf28e880aa19,1,458,2026-08-22 11:58:37,Backend про,8450.0
ord_359a7f0015d6,1,459,2026-08-07 11:31:08,Мат анализ,9950.0
ord_b23afcf540ef,1,46,2026-08-12 05:13:04,К ВУЗу,6450.0
ord_6d8de48279c8,1,460,2026-08-12 13:12:40,Аналитика старт,8745.0
ord_babbeddca1a2,1,461,2026-09-05 15:01:05,Аналитика про,7475.0
ord_babbeddca1a2,2,461,2026-09-05 15:01:05,Аналитика старт,7475.0
ord_c2a3ee8d5182,1,462,2026-08-09 16:45:22,Алгоритмы старт,500.0
ord_9ab228417bfb,1,463,2026-08-25 13:16:31,ML про,8950.0
ord_06562c623bb5,1,464,2026-08-10 18:30:49,Аналитика старт,4500.0
ord_6a241ad351a6,1,465,2026-09-07 08:21:23,Алгоритмы,4225.0
ord_210b0f2849cb,1,466,2026-08-26 13:56:39,ML про,8950.0
ord_46e1826d8353,1,467,2026-08-10 13:55:50,Аналитика старт,6490.0
ord_201d629a754d,1,468,2026-08-19 07:10:12,Линейная алгебра,9450.0
ord_469d6cee2a43,1,469,2026-08-08 19:45:24,Алгоритмы,4950.0
ord_e36e60d34728,1,47,2026-08-08 12:24:55,ML старт,4995.0
ord_e36e60d34728,2,47,2026-08-08 12:24:55,Алгоритмы старт,4995.0
ord_0ecdee05efc2,1,470,2026-08-09 17:24:05,ML старт,4950.0
ord_0ecdee05efc2,2,470,2026-08-09 17:24:05,Алгоритмы,4950.0
ord_655db1f60a22,1,471,2026-09-04 18:12:51,Линейная алгебра,9950.0
ord_0a317a84518b,1,472,2026-09-06 13:45:12,ML про,8950.0
ord_76904665ef13,1,473,2026-08-08 13:57:16,Алгоритмы,10000.0
ord_7a7e6a7bfea0,1,474,2026-08-14 07:16:32,К ВУЗу,6950.0
ord_e3a0f19ba7d6,1,475,2026-08-24 15:16:31,Линейная алгебра,9950.0
ord_6696f8b1b1f9,1,476,2026-08-09 14:14:07,ML старт,4450.0
ord_6696f8b1b1f9,2,476,2026-08-09 14:14:07,Алгоритмы старт,4450.0
ord_46ef084e2b55,1,477,2026-08-06 14:52:49,Теория вероятностей,500.0
ord_661c6a5dfdd2,1,477,2026-08-18 15:06:11,Линейная алгебра,9450.0
ord_e0bb824184bd,1,478,2026-08-10 00:13:55,Data Engenering,6450.0
ord_00a180cd6c8e,1,479,2026-08-16 09:40:02,Аналитика старт,8745.0
ord_1083148850a7,1,48,2026-09-05 14:24:29,Backend про,8950.0
ord_4eceeff432e9,1,480,2026-08-04 16:17:19,Data Science,15695.0
ord_ee69a32f7ef1,1,481,2026-08-07 13:09:54,ML про,8745.0
ord_0cc9a2c8492a,1,482,2026-08-15 16:30:16,ML старт,8475.0
ord_0cc9a2c8492a,2,482,2026-08-15 16:30:16,Алгоритмы,8475.0
ord_0223aaad9fb8,1,483,2026-08-29 19:38:52,AI агенты,8450.0
ord_7c19dd623b8d,1,484,2026-08-15 19:17:47,Аналитика старт,8745.0
ord_0a92f9a92eee,1,485,2026-08-22 16:02:00,Аналитика про,8450.0
ord_b012557d9850,1,486,2026-09-02 09:28:52,Backend про,8950.0
ord_d9cbfb87ad10,1,487,2026-09-05 11:02:17,ML про,7475.0
ord_d9cbfb87ad10,2,487,2026-09-05 11:02:17,ML старт,7475.0
ord_95bcaec3abcc,1,488,2026-08-09 16:36:09,Алгоритмы,19350.0
ord_7ea3038baaa9,1,489,2026-08-24 08:47:25,ML старт,8850.0
ord_efb5eb469676,1,49,2026-09-06 14:51:02,AI агенты,7475.0
ord_efb5eb469676,2,49,2026-09-06 14:51:02,Backend про,7475.0
ord_8faf6162f0f4,1,490,2026-09-04 10:01:44,AI агенты,8450.0
ord_ca370d6c27f6,1,491,2026-09-07 09:04:54,Аналитика про,8950.0
ord_c45100b4e16a,1,492,2026-08-20 14:21:52,Теория вероятностей,9950.0
ord_c24217158089,1,493,2026-09-02 16:44:53,Линейная алгебра,9950.0
ord_370b69ea2562,1,494,2026-09-05 19:15:54,Алгоритмы про,8959.0
ord_f4a877b19ffd,1,495,2026-09-01 10:30:21,ML про,7475.0
ord_f4a877b19ffd,2,495,2026-09-01 10:30:21,ML старт,7475.0
ord_46a2d9571a52,1,496,2026-08-22 15:01:37,ML старт,8950.0
ord_2ba921bac9ba,1,497,2026-08-31 12:11:14,Backend про,8950.0
ord_57cb67eb8076,1,498,2026-08-10 18:10:53,Аналитика про,4500.0
ord_57cb67eb8076,2,498,2026-08-10 18:10:53,Аналитика старт,4500.0
ord_875f527a2aa4,1,499,2026-09-08 13:24:34,Аналитика про,8950.0
ord_62b6a483edc0,1,5,2026-08-22 16:19:00,ML про,5750.0
ord_9c158889661a,1,50,2026-09-02 10:32:55,Алгоритмы старт,8950.0
ord_29178d81a948,1,500,2026-08-10 13:21:01,Аналитика старт,6490.0
ord_491116105b95,1,501,2026-08-20 14:06:32,ML старт,8745.0
ord_18fbab1ad4c3,1,502,2026-09-05 10:11:25,ML про,8450.0
ord_0082db0829bd,1,503,2026-08-31 14:40:32,Аналитика про,7471.5
ord_0082db0829bd,2,503,2026-08-31 14:40:32,Аналитика старт,7471.5
ord_7ab39fff47b8,1,504,2026-09-03 06:27:49,Аналитика старт,5975.0
ord_ba4abfdfe864,1,505,2026-08-11 18:00:05,ML старт,4950.0
ord_ba4abfdfe864,2,505,2026-08-11 18:00:05,Алгоритмы старт,4950.0
ord_102e712e189a,1,506,2026-08-27 12:29:06,AI агенты,8950.0
ord_54120da32129,1,507,2026-08-08 20:12:46,ML старт,6490.0
ord_99691a8dae75,1,508,2026-08-09 21:33:27,Backend старт,4950.0
ord_99691a8dae75,2,508,2026-08-09 21:33:27,Алгоритмы старт,4950.0
ord_2dd06279231c,1,508,2026-09-03 08:29:32,Backend про,5750.0
ord_4d739afa5f94,1,509,2026-09-07 16:51:31,Теория вероятностей,18900.0
ord_f48b2f5508f8,1,51,2026-09-06 15:46:24,ML про,2237.5
ord_18a6dcc7045d,1,510,2026-09-05 10:34:42,AI агенты,8950.0
ord_e358e30e4391,1,511,2026-08-08 17:29:42,Аналитика старт,4950.0
ord_f6ef4475ce39,1,512,2026-08-08 16:43:12,Алгоритмы старт,4995.0
ord_a363fcd3a15f,1,513,2026-08-23 17:34:10,AI агенты,6975.0
ord_a363fcd3a15f,2,513,2026-08-23 17:34:10,Алгоритмы про,6975.0
ord_6bdfb47b0489,1,514,2026-08-23 09:48:08,ML старт,8950.0
ord_0157b9bc5064,1,515,2026-09-05 12:09:36,Аналитика про,8450.0
ord_637f0af7f1cd,1,516,2026-08-08 16:59:49,Алгоритмы старт,4950.0
ord_637f0af7f1cd,2,516,2026-08-08 16:59:49,Аналитика старт,4950.0
ord_925fe3b280a9,1,517,2026-09-05 12:48:03,Аналитика про,8950.0
ord_cb589dc00928,1,518,2026-08-08 12:37:37,Алгоритмы старт,6490.0
ord_576fefc9db04,1,519,2026-08-10 16:09:27,Алгоритмы старт,4950.0
ord_576fefc9db04,2,519,2026-08-10 16:09:27,Аналитика про,4950.0
ord_576fefc9db04,3,519,2026-08-10 16:09:27,Аналитика старт,4950.0
ord_ad0488603d88,1,52,2026-08-10 18:12:59,К ВУЗу,6450.0
ord_2e52a7d56510,1,520,2026-08-09 09:27:27,Аналитика старт,6490.0
ord_c2c8da6444f1,1,521,2026-08-12 14:21:51,К ВУЗу,6450.0
ord_5bfb4e5340dd,1,522,2026-08-17 16:24:17,К ВУЗу,6950.0
ord_fad9cd50221c,1,523,2026-09-02 11:00:48,Backend про,8450.0
ord_539cd3463fa1,1,524,2026-09-01 11:54:01,Аналитика про,8945.0
ord_3485a77bffca,1,525,2026-08-22 15:39:49,Аналитика старт,8950.0
ord_90ff0d63603c,1,526,2026-08-27 13:32:56,AI агенты,8950.0
ord_db2e2b5e4c25,1,527,2026-08-09 10:49:47,ML старт,4950.0
ord_db2e2b5e4c25,2,527,2026-08-09 10:49:47,Алгоритмы старт,4950.0
ord_45c4aa5642cb,1,528,2026-09-06 16:54:20,ML про,8950.0
ord_33193f82cf51,1,529,2026-08-24 13:11:03,Алгоритмы про,7475.0
ord_33193f82cf51,2,529,2026-08-24 13:11:03,Алгоритмы старт,7475.0
ord_a7d4135925b6,1,53,2026-08-09 13:57:35,ML старт,4950.0
ord_ac0c576450ed,1,530,2026-09-06 19:09:38,Аналитика про,8950.0
ord_397422198a44,1,531,2026-08-30 10:04:17,Backend старт,8950.0
ord_28012fba1fa8,1,532,2026-08-08 16:22:47,Аналитика про,4995.0
ord_28012fba1fa8,2,532,2026-08-08 16:22:47,Аналитика старт,4995.0
ord_5be8f3daa5c9,1,533,2026-09-05 10:24:14,AI агенты,8450.0
ord_69a14f3a5e99,1,534,2026-08-30 12:55:04,AI агенты,8450.0
ord_bbcfa1b9e3c5,1,535,2026-08-30 08:24:30,Backend старт,7475.0
ord_bbcfa1b9e3c5,2,535,2026-08-30 08:24:30,Алгоритмы старт,7475.0
ord_796bc5831f67,1,536,2026-08-12 12:22:52,Аналитика про,8475.0
ord_796bc5831f67,2,536,2026-08-12 12:22:52,Аналитика старт,8475.0
ord_ee706f82bf69,1,537,2026-08-12 04:49:43,ML старт,4950.0
ord_ee706f82bf69,2,537,2026-08-12 04:49:43,Алгоритмы старт,4950.0
ord_fb36fe4ba9aa,1,538,2026-08-31 06:14:52,Backend старт,7475.0
ord_fb36fe4ba9aa,2,538,2026-08-31 06:14:52,Алгоритмы старт,7475.0
ord_ed50d16d0823,1,539,2026-08-23 20:55:41,AI агенты,8950.0
ord_d993cb1ed82e,1,54,2026-08-08 12:39:51,Алгоритмы старт,6490.0
ord_8580c9d6159e,1,540,2026-09-05 14:57:41,Аналитика про,8950.0
ord_23c038118beb,1,541,2026-09-02 10:48:17,Алгоритмы старт,7475.0
ord_23c038118beb,2,541,2026-09-02 10:48:17,Аналитика старт,7475.0
ord_71f1eec557b9,1,542,2026-08-23 18:26:56,Backend старт,8950.0
ord_484d54f2d8da,1,543,2026-08-09 14:01:24,Алгоритмы старт,4950.0
ord_f1007240875b,1,544,2026-08-10 06:26:01,Алгоритмы,4995.0
ord_3586329512b2,1,545,2026-09-05 19:45:17,ML про,8950.0
ord_83b5dfef4c64,1,546,2026-08-10 19:07:51,Аналитика старт,6490.0
ord_ed1071ff39c4,1,547,2026-09-01 15:53:22,Backend про,7475.0
ord_ed1071ff39c4,2,547,2026-09-01 15:53:22,Алгоритмы про,7475.0
ord_08067185bfb2,1,548,2026-09-08 12:45:32,AI агенты,6975.0
ord_08067185bfb2,2,548,2026-09-08 12:45:32,ML про,6975.0
ord_5f2e1c033a34,1,549,2026-08-24 05:25:17,AI агенты,8222.5
ord_5f2e1c033a34,2,549,2026-08-24 05:25:17,Backend про,8222.5
ord_49fa4fa4cd01,1,55,2026-09-06 15:35:13,AI агенты,2237.5
ord_5ab977ff1ef1,1,550,2026-08-09 16:24:42,Алгоритмы старт,5463.34
ord_215b1194a3e3,1,551,2026-09-02 09:58:19,Backend про,8950.0
ord_f73b4b2b071f,1,552,2026-08-26 04:37:12,Аналитика про,7475.0
ord_33f6ad2fee23,1,553,2026-09-05 18:27:14,ML про,8950.0
ord_3b5275e2bf5b,1,554,2026-08-08 12:44:01,ML старт,5000.0
ord_3b5275e2bf5b,2,554,2026-08-08 12:44:01,Алгоритмы старт,5000.0
ord_6e0ef351a3e8,1,555,2026-09-02 09:38:46,Алгоритмы про,7475.0
ord_6e0ef351a3e8,2,555,2026-09-02 09:38:46,Алгоритмы старт,7475.0
ord_d46c9dac9db3,1,556,2026-09-05 15:17:14,Аналитика про,7475.0
ord_7a35fe072334,1,557,2026-08-23 16:56:11,ML про,8950.0
ord_9b3cd8fb6b42,1,558,2026-09-02 08:49:58,Линейная алгебра,8245.0
ord_586c838ba61d,1,559,2026-08-23 04:11:37,Алгоритмы,8450.0
ord_4ed18a25fb1f,1,56,2026-09-06 12:12:33,Backend старт,7475.0
ord_230264778ff7,1,560,2026-08-25 14:09:51,AI агенты,8950.0
ord_3584920b3bfd,1,561,2026-09-03 18:55:28,Теория вероятностей,18900.0
ord_ded00306c96f,1,562,2026-08-17 22:34:23,ML старт,8745.0
ord_0475aef2b65b,1,563,2026-08-09 17:28:24,Аналитика старт,6490.0
ord_bf057dc269fd,1,564,2026-08-16 04:38:14,Аналитика старт,8745.0
ord_80a57412d276,1,565,2026-08-30 15:30:24,Алгоритмы про,6975.0
ord_80a57412d276,2,565,2026-08-30 15:30:24,Алгоритмы старт,6975.0
ord_043336d70bbd,1,566,2026-08-30 18:45:42,ML про,8450.0
ord_278aa5024390,1,567,2026-09-09 15:06:26,AI агенты,7475.0
ord_278aa5024390,2,567,2026-09-09 15:06:26,Алгоритмы про,7475.0
ord_aaae24f47115,1,568,2026-08-27 15:10:07,ML старт,7475.0
ord_aaae24f47115,2,568,2026-08-27 15:10:07,Аналитика про,7475.0
ord_ae333cc3ea02,1,569,2026-09-06 08:00:03,Backend про,8950.0
ord_e0cc3db31f5c,1,57,2026-08-10 00:14:10,ML старт,4950.0
ord_db6be831afe4,1,570,2026-08-09 09:24:57,Алгоритмы старт,4995.0
ord_db6be831afe4,2,570,2026-08-09 09:24:57,Аналитика старт,4995.0
ord_c76d4cfd3150,1,571,2026-08-04 17:19:52,ML про,8475.0
ord_c76d4cfd3150,2,571,2026-08-04 17:19:52,ML старт,8475.0
ord_1fceee77c844,1,572,2026-09-02 14:54:22,Аналитика про,8945.0
ord_0d21daf5c92f,1,573,2026-08-30 09:39:42,AI агенты,8950.0
ord_0aacfa2737e8,1,574,2026-09-04 16:29:01,ML про,7475.0
ord_51b61aa19c4c,1,575,2026-08-19 09:21:46,Алгоритмы старт,8245.0
ord_51b61aa19c4c,2,575,2026-08-19 09:21:46,Аналитика про,8245.0
ord_51b61aa19c4c,3,575,2026-08-19 09:21:46,Аналитика старт,8245.0
ord_3f57b26c130a,1,576,2026-09-04 17:26:34,ML старт,7475.0
ord_e27b3647e4a5,1,577,2026-08-09 16:26:30,Backend старт,5463.33
ord_dc1bb67f9e3c,1,578,2026-08-21 12:29:55,Аналитика про,8245.0
ord_a1f9bab00b6d,1,579,2026-08-06 16:20:47,ML старт,8245.0
ord_becc242811f2,1,58,2026-08-09 16:12:46,Backend старт,5463.33
ord_becc242811f2,2,58,2026-08-09 16:12:46,ML старт,5463.33
ord_becc242811f2,3,58,2026-08-09 16:12:46,Алгоритмы старт,5463.34
ord_790ad22a2528,1,580,2026-08-23 14:38:29,AI агенты,8950.0
ord_8e10622603c1,1,581,2026-08-23 11:19:47,ML про,8950.0
ord_84b1459a4d92,1,582,2026-09-04 15:03:52,Аналитика старт,8950.0
ord_3e34ca82d5e8,1,583,2026-08-25 04:27:38,AI агенты,8950.0
ord_6699eceec325,1,584,2026-08-10 15:33:39,Алгоритмы старт,6490.0
ord_66f646faab4c,1,585,2026-08-29 19:40:39,AI агенты,6975.0
ord_66f646faab4c,2,585,2026-08-29 19:40:39,ML про,6975.0
ord_1c6b616d7106,1,586,2026-08-12 17:45:53,Аналитика старт,8745.0
ord_394a1a89b5ee,1,587,2026-08-26 21:47:21,AI агенты,8450.0
ord_9d29fe921e72,1,588,2026-08-11 02:43:57,К ВУЗу,6450.0
ord_40823b74df5a,1,589,2026-08-09 18:06:31,Алгоритмы старт,5990.0
ord_973e62f3ec27,1,59,2026-09-06 13:32:21,ML про,8950.0
ord_cd6fd80a1eaf,1,590,2026-09-04 11:04:11,Backend про,8945.0
ord_37478f3e1765,1,591,2026-09-05 10:13:46,AI агенты,8450.0
ord_7391151bae48,1,592,2026-08-19 20:38:02,Алгоритмы старт,8245.0
ord_e72652175bc8,1,593,2026-09-06 19:53:15,Мат анализ,9950.0
ord_2035e3041e35,1,594,2026-09-03 18:16:38,AI агенты,5000.0
ord_8aa29fb8059d,1,595,2026-08-22 16:55:59,AI агенты,7475.0
ord_8aa29fb8059d,2,595,2026-08-22 16:55:59,ML про,7475.0
ord_983187abac2c,1,596,2026-09-05 16:26:36,ML про,8950.0
ord_83c980e97bd6,1,597,2026-08-09 18:00:04,ML старт,5990.0
ord_0273750f92b4,1,598,2026-08-09 09:43:34,Backend старт,4950.0
ord_0273750f92b4,2,598,2026-08-09 09:43:34,Алгоритмы,4950.0
ord_24dd72357c2b,1,599,2026-08-26 12:25:10,Аналитика старт,8950.0
ord_f51023de2d47,1,599,2026-08-31 16:05:26,Аналитика про,8950.0
ord_f724e25b9f3d,1,6,2026-09-02 19:16:28,Аналитика про,8450.0
ord_3d5b4f37c4c9,1,60,2026-09-05 19:44:33,ML про,8950.0
ord_5e0c6a753190,1,600,2026-08-22 15:48:13,AI агенты,7450.0
ord_6657a8b7bd30,1,601,2026-09-04 04:51:49,AI агенты,7475.0
ord_6657a8b7bd30,2,601,2026-09-04 04:51:49,ML про,7475.0
ord_6657a8b7bd30,3,601,2026-09-04 04:51:49,ML старт,7475.0
ord_b4126717b5c9,1,601,2026-09-06 14:28:33,Аналитика про,6975.0
ord_b4126717b5c9,2,601,2026-09-06 14:28:33,Аналитика старт,6975.0
ord_52b9f1d19dc9,1,602,2026-09-05 17:42:39,Backend про,8450.0
ord_7b7e5a53ef22,1,603,2026-08-18 16:34:39,Аналитика старт,8745.0
ord_68739e9f8a4a,1,604,2026-09-06 19:17:57,Аналитика старт,8950.0
ord_f339afbd01d6,1,605,2026-08-26 07:26:53,Алгоритмы про,8950.0
ord_0d76feadce87,1,606,2026-08-10 18:36:00,К ВУЗу,6450.0
ord_6c5435c5c2c8,1,61,2026-08-27 19:44:33,ML про,6975.0
ord_6c5435c5c2c8,2,61,2026-08-27 19:44:33,ML старт,6975.0
ord_f567051e92aa,1,62,2026-08-09 18:47:09,Backend старт,4995.0
ord_f567051e92aa,2,62,2026-08-09 18:47:09,Алгоритмы старт,4995.0
ord_12f6f616dabf,1,63,2026-08-09 19:29:08,Data Engenering,6450.0
ord_12f6f616dabf,2,63,2026-08-09 19:29:08,Data Science,6450.0
ord_6cd9a2349b64,1,63,2026-09-07 05:24:57,Алгоритмы про,8950.0
ord_9de2499866fa,1,64,2026-08-09 14:45:05,Алгоритмы,4995.0
ord_dba585c831db,1,65,2026-08-09 18:45:20,Аналитика старт,6490.0
ord_a61f968bd76d,1,66,2026-08-13 05:36:55,Алгоритмы старт,8745.0
ord_ad3def68351d,1,67,2026-08-10 18:01:06,Аналитика старт,6490.0
ord_cd11acee5329,1,67,2026-09-05 17:04:40,ML про,8950.0
ord_7462e1ce0d8d,1,68,2026-09-08 17:53:12,Алгоритмы про,7500.0
ord_7462e1ce0d8d,2,68,2026-09-08 17:53:12,Алгоритмы старт,7500.0
ord_49bfe678cd06,1,69,2026-08-22 04:22:43,К ВУЗу,6950.0
ord_37c2fbd9d690,1,7,2026-08-08 14:07:56,Backend старт,4950.0
ord_111f1b3401d4,1,70,2026-08-18 19:10:04,Аналитика старт,8475.0
ord_6d42b5728a49,1,71,2026-08-23 14:57:08,Алгоритмы,8450.0
ord_583e321a8c9c,1,72,2026-09-07 19:19:58,AI агенты,6975.0
ord_583e321a8c9c,2,72,2026-09-07 19:19:58,ML про,6975.0
ord_2ec716200ec9,1,73,2026-08-08 20:05:40,Алгоритмы старт,4995.0
ord_4b9ab0edfa9e,1,74,2026-09-06 10:34:28,AI агенты,8450.0
ord_a5b2d19baa1d,1,75,2026-08-18 18:53:33,Аналитика про,8475.0
ord_a5b2d19baa1d,2,75,2026-08-18 18:53:33,Аналитика старт,8475.0
ord_07c9fa467ebc,1,76,2026-08-30 14:48:44,Алгоритмы про,6975.0
ord_07c9fa467ebc,2,76,2026-08-30 14:48:44,Аналитика про,6975.0
ord_3ffcaf32e951,1,77,2026-08-31 17:54:30,Аналитика про,8450.0
ord_ab876d71ca89,1,78,2026-09-08 05:10:30,Data Science,6950.0
ord_85560eff62d3,1,79,2026-08-14 04:09:52,Теория вероятностей,9950.0
ord_9cd9986674a9,1,8,2026-08-08 16:25:39,АВ тестам,4495.0
ord_9cd9986674a9,2,8,2026-08-08 16:25:39,Алгоритмы,4495.0
ord_128f6f54c0bb,1,80,2026-09-09 04:53:08,ML про,6975.0
ord_16a607842721,1,81,2026-08-30 13:44:26,AI агенты,8450.0
ord_e444efef6261,1,82,2026-08-11 12:46:14,Аналитика про,3245.0
ord_e444efef6261,2,82,2026-08-11 12:46:14,Аналитика старт,3245.0
ord_51aaa0b2c519,1,83,2026-08-10 07:52:44,Аналитика старт,6490.0
ord_d7d444a21f3a,1,84,2026-08-09 19:07:32,Backend старт,6490.0
ord_729b10b8833e,1,85,2026-08-24 15:57:32,Аналитика про,8950.0
ord_59550e84122a,1,86,2026-08-10 16:16:30,Алгоритмы старт,4950.0
ord_8c349454dfff,1,87,2026-08-22 13:23:20,Алгоритмы про,7475.0
ord_e0df4e4f3dc6,1,88,2026-09-01 19:27:16,AI агенты,8950.0
ord_0a2df2b27e22,1,89,2026-08-09 10:44:19,Алгоритмы,9900.0
ord_0f0247baca43,1,9,2026-09-03 14:55:45,Аналитика про,8950.0
ord_850e9217af8a,1,90,2026-08-31 01:05:18,Алгоритмы старт,6975.0
ord_22a56662eca5,1,91,2026-08-24 00:44:40,ML старт,8950.0
ord_f05ff3881547,1,92,2026-08-21 15:14:39,Линейная алгебра,9950.0
ord_07526bb6597e,1,93,2026-08-10 05:56:12,К ВУЗу,6950.0
ord_4d5933cfffc8,1,94,2026-09-04 18:49:47,Backend про,8950.0
ord_3225c431aef9,1,95,2026-08-23 19:08:11,AI агенты,7475.0
ord_3225c431aef9,2,95,2026-08-23 19:08:11,Аналитика про,7475.0
ord_688d994c970c,1,96,2026-08-09 16:21:43,Аналитика старт,6490.0
ord_a74b874abcdd,1,97,2026-09-06 17:27:55,Backend про,8950.0
ord_de3a87c256a3,1,98,2026-08-23 14:14:48,Аналитика про,7475.0
ord_de3a87c256a3,2,98,2026-08-23 14:14:48,Аналитика старт,7475.0
ord_c1ea22a76af1,1,99,2026-08-29 19:35:36,AI агенты,8450.0
