order_id,student_id,timestamp,total_amount,items_count,is_bundle,is_repeat,previous_order_id,days_since_previous_order
ord_44324f227c51,1,2026-09-04 19:30:57,8950.0,1,False,False,,
ord_80af266e78c8,10,2026-09-06 16:25:37,8450.0,1,False,False,,
ord_7756bc4d8e41,100,2026-09-07 09:30:42,8950.0,1,False,False,,
ord_fab1063f75ae,101,2026-08-20 17:34:00,8745.0,1,False,False,,
ord_fbd7549e3e48,102,2026-09-07 12:59:48,12950.0,2,True,False,,
ord_3b2814eb66bc,103,2026-08-09 18:46:42,6490.0,1,False,False,,
ord_126e2c670653,104,2026-08-23 21:00:30,14950.0,2,True,False,,
ord_c7c6c312aab7,105,2026-09-06 11:55:22,8950.0,1,False,False,,
ord_a76c6fb4be0f,106,2026-08-10 10:53:02,9900.0,2,True,False,,
ord_2e0ed66cf347,107,2026-08-23 18:28:17,13950.0,2,True,False,,
ord_95036dad6ba5,108,2026-09-09 04:53:08,6975.0,1,False,False,,
ord_a1b4949c998a,109,2026-09-05 17:57:36,8950.0,1,False,False,,
ord_3e7123b8033f,11,2026-08-27 20:09:27,6975.0,1,False,False,,
ord_352db9af8a4a,110,2026-09-07 10:27:06,8950.0,1,False,False,,
ord_44c6df702db1,111,2026-08-24 16:49:26,8950.0,1,False,False,,
ord_6f7942e5ca39,112,2026-08-11 18:41:42,16950.0,2,True,False,,
ord_19ea5cf660f5,113,2026-09-06 15:14:57,8950.0,1,False,False,,
ord_adc85f8c4113,114,2026-09-01 19:16:56,13950.0,2,True,False,,
ord_d77a97192b4d,115,2026-09-01 13:09:50,8945.0,1,False,False,,
ord_2ff4d4d27c66,116,2026-08-25 10:01:02,14950.0,2,True,False,,
ord_a13624bfbac1,117,2026-09-05 12:34:35,8450.0,1,False,False,,
ord_2ac7f4fc1f7d,118,2026-08-23 08:24:45,8450.0,1,False,False,,
ord_4d7f346be903,119,2026-09-07 11:34:36,8950.0,1,False,False,,
ord_d0c54d7c6c1e,12,2026-08-09 16:52:01,6490.0,1,False,False,,
ord_83492955d9b1,120,2026-08-08 19:28:26,6490.0,1,False,False,,
ord_cbb7c9da8d18,121,2026-08-25 11:38:56,8950.0,1,False,False,,
ord_f35b5681754e,122,2026-08-27 20:55:44,14950.0,2,True,False,,
ord_057492a7b6c1,123,2026-09-09 16:23:01,6450.0,1,False,False,,
ord_50248996c935,124,2026-09-04 06:34:32,9950.0,1,False,False,,
ord_0f90917f515e,125,2026-09-07 08:46:37,8950.0,1,False,False,,
ord_22e8d5965c7f,126,2026-08-05 13:22:41,8745.0,1,False,False,,
ord_2e3b4bf87f0b,127,2026-09-05 17:27:41,8950.0,1,False,False,,
ord_7ab195cf8720,128,2026-09-02 11:55:47,8945.0,1,False,False,,
ord_d1119f866bd9,129,2026-08-09 10:56:45,6490.0,1,False,False,,
ord_34ea914a548b,13,2026-09-07 07:54:24,8950.0,1,False,False,,
ord_ed0637fa4ebd,130,2026-08-15 14:59:16,9950.0,1,False,False,,
ord_76d9181a8e5b,131,2026-08-04 17:05:46,8745.0,1,False,False,,
ord_863dc0ec1562,132,2026-08-13 11:39:13,8745.0,1,False,False,,
ord_1731ed2f88ac,133,2026-08-16 09:59:37,9900.0,2,True,False,,
ord_65c59780dcdc,134,2026-08-31 08:06:47,6975.0,1,False,False,,
ord_b2ee6a955012,135,2026-08-08 20:00:19,9990.0,2,True,False,,
ord_59258fb63126,136,2026-08-27 08:57:04,14950.0,2,True,False,,
ord_0a3c2680e209,137,2026-08-05 15:01:16,8475.0,1,False,False,,
ord_33ae3f4207e8,138,2026-08-09 16:33:22,6490.0,1,False,False,,
ord_07bbfb66286f,138,2026-08-25 12:39:08,5750.0,1,False,True,ord_33ae3f4207e8,15.837338
ord_77045b389287,139,2026-09-01 20:30:07,13950.0,2,True,False,,
ord_afab25d99b1d,14,2026-08-30 23:52:21,8950.0,1,False,False,,
ord_f0e105959a76,140,2026-08-25 16:01:50,8450.0,1,False,False,,
ord_aa2901beb3ca,141,2026-08-24 14:48:12,7475.0,1,False,False,,
ord_b91f1456345e,142,2026-08-11 15:49:13,6490.0,1,False,False,,
ord_e2352379f316,143,2026-08-16 13:21:36,6950.0,1,False,False,,
ord_d9b39ced29f7,144,2026-08-29 11:51:08,8950.0,2,True,False,,
ord_1fe9a3d99b7d,144,2026-09-01 15:30:39,8950.0,1,False,True,ord_d9b39ced29f7,3.152442
ord_4f5ff86ccdec,145,2026-08-30 13:06:05,8950.0,1,False,False,,
ord_a6bc419af5b7,146,2026-08-20 16:27:30,6950.0,1,False,False,,
ord_d0522a2d891f,147,2026-09-05 19:46:01,14950.0,2,True,False,,
ord_e799b8fa5995,148,2026-08-25 09:49:25,7475.0,1,False,False,,
ord_70ee2c00e1d2,149,2026-08-23 16:50:14,8950.0,1,False,False,,
ord_4c563cee6cb3,15,2026-09-04 15:26:00,8450.0,1,False,False,,
ord_4cc6f99685d5,150,2026-09-06 13:11:45,8950.0,1,False,False,,
ord_b9014380f5d3,151,2026-09-06 11:31:11,7475.0,1,False,False,,
ord_2512a40bce72,152,2026-08-10 08:42:13,6490.0,1,False,False,,
ord_b3db1ad4202a,153,2026-08-13 18:30:59,5750.0,1,False,False,,
ord_6853af492b62,154,2026-09-06 13:40:03,8950.0,1,False,False,,
ord_64164c46bfc0,155,2026-09-05 10:20:56,14950.0,2,True,False,,
ord_dd5142a32d19,155,2026-09-05 12:13:44,7000.0,1,False,True,ord_64164c46bfc0,0.078333
ord_1da6e4a987d2,156,2026-08-22 10:54:14,14950.0,2,True,False,,
ord_5b6c7d4a2790,157,2026-08-31 06:39:53,14950.0,2,True,False,,
ord_a57c67449bca,158,2026-08-10 12:37:30,9400.0,2,True,False,,
ord_f10f8fc89294,159,2026-08-05 12:56:32,16950.0,2,True,False,,
ord_3a3c3cfc953f,16,2026-08-10 16:56:42,9900.0,2,True,False,,
ord_7c32b0f95c39,160,2026-08-09 02:39:44,4995.0,1,False,False,,
ord_4f11c848d852,161,2026-08-08 19:49:42,9990.0,2,True,False,,
ord_3bf789fdaebb,162,2026-08-15 12:51:04,6950.0,1,False,False,,
ord_7b035e8bf027,163,2026-08-26 01:23:32,8450.0,1,False,False,,
ord_c7972d1099cb,164,2026-08-10 13:08:15,8745.0,1,False,False,,
ord_a7f780b6bb2d,165,2026-08-25 07:21:38,8450.0,1,False,False,,
ord_d01dcad87e3e,166,2026-08-06 12:15:46,6950.0,1,False,False,,
ord_f9697612b046,167,2026-08-09 09:07:16,9900.0,2,True,False,,
ord_1eb88d1635e9,168,2026-08-25 06:26:04,14950.0,2,True,False,,
ord_3648a6a097fd,169,2026-09-05 15:47:16,8950.0,1,False,False,,
ord_d443d099fa5d,17,2026-08-22 17:01:20,9950.0,1,False,False,,
ord_3ea971128aef,170,2026-08-12 17:51:00,6000.0,1,False,False,,
ord_c07cf6dcba37,171,2026-08-31 18:20:33,8950.0,1,False,False,,
ord_e0b548ca0023,172,2026-08-23 16:29:57,8950.0,1,False,False,,
ord_16d5fab6323f,173,2026-08-11 07:48:36,9900.0,2,True,False,,
ord_4af01b1e16da,174,2026-09-05 18:41:16,14950.0,2,True,False,,
ord_ee71e7f0fac7,175,2026-08-13 16:14:01,9950.0,1,False,False,,
ord_7c5a243873fc,176,2026-08-09 16:29:58,6490.0,1,False,False,,
ord_145b2c6e5078,177,2026-08-28 10:47:56,8950.0,1,False,False,,
ord_9b40c0174a7c,178,2026-08-26 09:15:13,8950.0,1,False,False,,
ord_3044449f7507,179,2026-08-12 02:06:02,6490.0,1,False,False,,
ord_f0f23b0f026c,18,2026-09-05 14:29:29,8950.0,1,False,False,,
ord_5415f0b9b61c,180,2026-09-06 16:23:30,2237.5,1,False,False,,
ord_c857abc731f4,181,2026-09-01 18:44:37,8950.0,1,False,False,,
ord_04d41284e880,182,2026-09-02 10:14:11,8950.0,1,False,False,,
ord_cee8bb968b2c,183,2026-08-08 10:08:11,6490.0,1,False,False,,
ord_5fa8a844e62f,184,2026-08-09 17:20:07,4950.0,1,False,False,,
ord_146df1730fa1,185,2026-08-27 14:36:47,13950.0,2,True,False,,
ord_57c6ba30ef10,186,2026-08-10 06:13:10,4950.0,1,False,False,,
ord_bdc7ccd63291,187,2026-08-09 18:48:05,8990.0,2,True,False,,
ord_15bde24eb45e,188,2026-09-06 01:03:43,6975.0,1,False,False,,
ord_0b99cf1cbae6,189,2026-09-01 07:49:46,8945.0,1,False,False,,
ord_269b81bc213b,19,2026-08-09 11:01:50,9900.0,2,True,False,,
ord_2a26022a7bfb,190,2026-09-09 02:52:43,9950.0,1,False,False,,
ord_85809062c312,191,2026-08-27 15:11:14,29850.0,4,True,False,,
ord_154e9cd0a990,192,2026-08-24 15:05:04,14950.0,2,True,False,,
ord_08813546fcf4,193,2026-09-06 11:49:34,8450.0,1,False,False,,
ord_aaa5963be0ee,194,2026-08-24 16:25:21,8950.0,1,False,False,,
ord_b4c3209caa6f,195,2026-09-01 10:54:53,8450.0,1,False,False,,
ord_d64f2af115f0,196,2026-09-10 06:09:12,9950.0,1,False,False,,
ord_694abafc9083,197,2026-09-04 15:39:31,14950.0,2,True,False,,
ord_cb0980c5b821,198,2026-09-04 16:44:57,7475.0,1,False,False,,
ord_f3bb7380b854,199,2026-08-21 09:02:18,9950.0,1,False,False,,
ord_726d3c5a8e0a,2,2026-09-05 16:22:48,8950.0,1,False,False,,
ord_b0b57718aabf,20,2026-09-06 11:07:00,14950.0,2,True,False,,
ord_cf69e33d5ed1,200,2026-08-22 19:40:16,14950.0,2,True,False,,
ord_ce639eae7c06,201,2026-08-24 17:28:20,6950.0,1,False,False,,
ord_076397626a57,202,2026-08-25 19:24:14,14950.0,2,True,False,,
ord_2ec99016c8d9,203,2026-08-23 20:42:20,14950.0,2,True,False,,
ord_1a1ea7a0f815,204,2026-09-07 13:39:13,8950.0,1,False,False,,
ord_d4930b35e66c,205,2026-09-03 15:01:50,8950.0,1,False,False,,
ord_beceecf62b78,206,2026-08-09 13:00:12,9990.0,2,True,False,,
ord_377006081bf8,207,2026-08-09 10:15:38,6490.0,1,False,False,,
ord_2450a95b13ee,208,2026-08-13 19:25:17,6450.0,1,False,False,,
ord_256987df7f8e,209,2026-08-23 06:58:29,8950.0,1,False,False,,
ord_c56b76f5156e,21,2026-08-10 16:29:36,9900.0,2,True,False,,
ord_afa88efd73ac,210,2026-09-05 17:12:38,7475.0,1,False,False,,
ord_a364d28f81d5,211,2026-08-22 11:08:24,14950.0,2,True,False,,
ord_97a4fc244d0b,212,2026-09-09 15:03:44,14950.0,2,True,False,,
ord_183cfca353af,213,2026-08-23 20:58:38,8950.0,1,False,False,,
ord_7f216fc464b7,214,2026-09-07 14:02:50,8950.0,1,False,False,,
ord_6788bb049619,215,2026-08-24 03:22:36,6975.0,1,False,False,,
ord_a6132404b0e8,216,2026-08-23 18:13:18,7475.0,1,False,False,,
ord_44a00d353e72,217,2026-08-10 14:24:20,6950.0,1,False,False,,
ord_25369a131dab,218,2026-08-22 09:03:23,16950.0,2,True,False,,
ord_6848357bc0d8,219,2026-08-28 13:23:53,9950.0,1,False,False,,
ord_459a77c0a24f,22,2026-09-06 14:41:56,8450.0,1,False,False,,
ord_120e8119bbbd,220,2026-08-22 19:19:35,9950.0,1,False,False,,
ord_f2fa0bcd0338,221,2026-08-23 07:41:37,14950.0,2,True,False,,
ord_d4a74dc6be2e,222,2026-08-05 18:52:56,15950.0,2,True,False,,
ord_90c86d611d79,223,2026-08-09 20:27:29,6490.0,1,False,False,,
ord_c1f1a16b87ae,224,2026-09-09 08:55:28,8450.0,1,False,False,,
ord_f5738e0d34d2,225,2026-08-05 14:22:34,8745.0,1,False,False,,
ord_6fcc164554b7,226,2026-09-01 17:03:44,7475.0,1,False,False,,
ord_d99a8c36b2d7,227,2026-08-08 20:08:33,9450.0,2,True,False,,
ord_4f30cb642bc2,228,2026-08-09 19:02:28,6450.0,1,False,False,,
ord_00b414105480,228,2026-09-07 07:42:35,8950.0,1,False,True,ord_4f30cb642bc2,28.527859
ord_bd1eff6c4ded,229,2026-08-14 04:19:44,9950.0,1,False,False,,
ord_99d63b5e26d0,229,2026-08-23 15:38:51,8450.0,1,False,True,ord_bd1eff6c4ded,9.471609
ord_5f015d177d1e,23,2026-09-06 15:39:44,2237.5,1,False,False,,
ord_37361df7574c,230,2026-09-03 15:07:18,8950.0,1,False,False,,
ord_5aa9a464ab35,231,2026-09-01 18:08:01,41225.0,5,True,False,,
ord_b74961cc5b6f,232,2026-08-09 10:47:20,6490.0,1,False,False,,
ord_532f25f3d6a8,233,2026-08-08 18:51:08,6490.0,1,False,False,,
ord_7e3a6c76e867,234,2026-08-12 06:04:03,4950.0,1,False,False,,
ord_201c822a24c4,235,2026-08-23 16:04:24,8450.0,1,False,False,,
ord_af4b3d4ee812,236,2026-08-29 05:27:29,7475.0,1,False,False,,
ord_0e4bd99c6ec5,237,2026-08-23 13:29:45,8950.0,1,False,False,,
ord_e86334cd77ef,238,2026-09-05 13:28:56,8950.0,1,False,False,,
ord_3d681b7851ef,239,2026-08-31 17:06:09,8450.0,1,False,False,,
ord_f6021294c880,24,2026-09-05 18:23:21,8950.0,1,False,False,,
ord_bfbdd3088f00,240,2026-08-22 18:00:15,6450.0,1,False,False,,
ord_890c93b1c861,241,2026-08-30 17:07:59,8950.0,1,False,False,,
ord_25de8f83c331,242,2026-08-29 13:44:52,8950.0,1,False,False,,
ord_9f739b37aaa7,243,2026-08-24 10:40:35,8950.0,1,False,False,,
ord_e34ec681fbac,244,2026-09-02 10:24:40,8950.0,1,False,False,,
ord_5af96e51050b,245,2026-09-05 15:54:58,8950.0,1,False,False,,
ord_fe78407b22be,246,2026-09-07 16:45:55,9950.0,1,False,False,,
ord_cde516ddac4a,247,2026-09-01 14:59:35,14950.0,2,True,False,,
ord_127af47915d1,248,2026-08-22 13:43:42,7475.0,1,False,False,,
ord_83ec23d4d8f1,249,2026-08-07 19:38:55,6950.0,1,False,False,,
ord_ba996b6b932a,25,2026-08-30 18:34:15,8450.0,1,False,False,,
ord_38d0c03b95f5,250,2026-09-05 14:54:24,14950.0,2,True,False,,
ord_41c9d34122a1,251,2026-09-06 18:05:45,9950.0,1,False,False,,
ord_c3e2808e89ea,252,2026-09-03 16:36:15,8950.0,1,False,False,,
ord_2bfa7a2baa22,253,2026-08-30 17:04:49,8950.0,1,False,False,,
ord_e82f53145299,254,2026-09-07 14:53:39,14950.0,2,True,False,,
ord_35deb40225c1,255,2026-08-26 14:52:53,8950.0,1,False,False,,
ord_37a094aecf1b,256,2026-08-08 17:54:37,5990.0,1,False,False,,
ord_78dae08be231,257,2026-08-23 20:56:06,8450.0,1,False,False,,
ord_1cec027f532b,258,2026-08-10 15:03:03,6490.0,1,False,False,,
ord_0fded6be3396,259,2026-08-08 07:59:01,8745.0,1,False,False,,
ord_748f8bc49292,26,2026-08-08 09:23:01,6490.0,1,False,False,,
ord_c4400700e0a9,26,2026-08-31 14:03:44,17950.0,2,True,True,ord_748f8bc49292,23.194942
ord_e14bda4e827d,260,2026-08-12 05:32:11,9900.0,2,True,False,,
ord_8eeb59be15a9,261,2026-09-06 16:06:04,8950.0,1,False,False,,
ord_f26394c47bf4,262,2026-08-09 09:10:55,6490.0,1,False,False,,
ord_1cbd61ea100d,263,2026-08-22 19:53:10,8950.0,1,False,False,,
ord_3d1a6ce6c8dc,263,2026-08-25 03:19:38,6000.0,1,False,True,ord_1cbd61ea100d,2.310046
ord_5c7df7cf31eb,264,2026-09-02 18:37:57,8450.0,2,True,False,,
ord_0e5ec51cc7df,265,2026-08-08 16:25:28,5990.0,1,False,False,,
ord_a69b764ac27b,266,2026-09-02 11:33:22,10000.0,1,False,False,,
ord_555c2fc09147,267,2026-08-31 08:26:17,8950.0,1,False,False,,
ord_a9c7e9b49e00,268,2026-08-24 12:52:49,8950.0,1,False,False,,
ord_cf2add5206f8,269,2026-08-25 22:26:03,7475.0,1,False,False,,
ord_5f545fd4862d,27,2026-08-29 14:47:39,8950.0,1,False,False,,
ord_46c5cdbb3aa4,270,2026-09-05 14:08:51,8950.0,1,False,False,,
ord_58a3d10d1fef,271,2026-09-03 12:55:50,14950.0,2,True,False,,
ord_f1a6f01a94f5,272,2026-08-31 18:34:40,8950.0,1,False,False,,
ord_d7f7722a09ed,273,2026-09-03 08:17:51,8950.0,1,False,False,,
ord_590bb4ff7f1a,274,2026-08-30 23:37:30,6975.0,1,False,False,,
ord_c00dbc4c518f,275,2026-08-13 09:51:23,8745.0,1,False,False,,
ord_d8c9fb909651,275,2026-09-06 11:58:58,13950.0,2,True,True,ord_c00dbc4c518f,24.0886
ord_9bf3d58622a1,276,2026-08-15 12:43:23,5750.0,2,True,False,,
ord_e5b0918b3515,277,2026-08-22 11:24:53,5750.0,1,False,False,,
ord_40c9525b5cf0,278,2026-09-06 17:31:06,14950.0,2,True,False,,
ord_da49a6b19212,279,2026-08-09 09:48:26,6490.0,1,False,False,,
ord_bec010dc7db8,28,2026-09-04 15:15:34,14950.0,2,True,False,,
ord_47c290f44a1a,280,2026-08-05 16:37:02,8245.0,1,False,False,,
ord_3857f91b7ae4,281,2026-08-11 12:02:08,4950.0,1,False,False,,
ord_49e8ed9709f3,282,2026-08-09 18:55:57,8745.0,1,False,False,,
ord_2fcf38bd11aa,283,2026-09-09 13:34:09,14950.0,2,True,False,,
ord_3e8a07bb68ef,284,2026-08-30 11:56:49,6975.0,1,False,False,,
ord_709e472cc680,285,2026-08-30 08:22:49,13950.0,2,True,False,,
ord_d02c162b826d,286,2026-08-09 16:16:39,6490.0,1,False,False,,
ord_cb78a1a26b80,287,2026-08-19 07:46:07,6950.0,1,False,False,,
ord_49512fb1252c,288,2026-09-02 08:57:12,8945.0,1,False,False,,
ord_9f3deef3dc31,289,2026-08-28 16:24:51,8950.0,1,False,False,,
ord_4af0089bc92c,29,2026-08-28 18:20:56,8450.0,1,False,False,,
ord_7d2a580c0613,290,2026-08-23 16:53:02,7475.0,1,False,False,,
ord_0dc8b16836b3,291,2026-08-06 10:06:16,19900.0,2,True,False,,
ord_e31d5ca2eb37,292,2026-09-06 12:59:39,6975.0,1,False,False,,
ord_fb65c20ece57,293,2026-08-22 11:35:35,8950.0,1,False,False,,
ord_af30faba21a1,294,2026-08-06 10:39:31,9950.0,1,False,False,,
ord_39235d472d72,295,2026-08-06 10:14:55,6950.0,1,False,False,,
ord_7901df9b4d5a,296,2026-09-01 10:46:43,8950.0,1,False,False,,
ord_a6bc165d7174,297,2026-08-22 17:26:07,8450.0,1,False,False,,
ord_d27df1b85708,298,2026-08-23 18:48:14,6975.0,1,False,False,,
ord_7ff3109d35cd,299,2026-08-24 16:58:19,8950.0,1,False,False,,
ord_9e5c120f1921,3,2026-09-03 22:47:02,5975.0,1,False,False,,
ord_7c532e220090,30,2026-08-23 10:06:51,8950.0,1,False,False,,
ord_99cf42417c96,300,2026-09-06 17:58:00,6950.0,1,False,False,,
ord_9f6085f91eb9,301,2026-08-31 20:57:15,17950.0,2,True,False,,
ord_ba0c22ffb938,302,2026-09-04 15:20:47,7475.0,1,False,False,,
ord_973b93197575,303,2026-09-04 15:21:52,14950.0,2,True,False,,
ord_ad439766012e,304,2026-08-11 15:52:40,6950.0,1,False,False,,
ord_f34bce33e183,305,2026-08-31 17:03:19,14950.0,2,True,False,,
ord_b64cd962e103,306,2026-09-06 16:18:59,8950.0,1,False,False,,
ord_9a7624552ade,307,2026-08-23 15:39:57,8450.0,1,False,False,,
ord_9c602a63a7e5,308,2026-08-08 14:05:17,9900.0,2,True,False,,
ord_927b7b145717,309,2026-09-05 09:55:40,8950.0,1,False,False,,
ord_687b58f9b32b,31,2026-09-05 11:00:21,7475.0,1,False,False,,
ord_6ab8da7b22bf,310,2026-09-06 16:38:02,14950.0,2,True,False,,
ord_ea81f93eaac2,311,2026-08-11 16:15:41,9900.0,2,True,False,,
ord_06cbd83b5016,312,2026-08-23 09:59:13,7475.0,1,False,False,,
ord_0a5bcaef7780,313,2026-08-07 11:58:49,9450.0,1,False,False,,
ord_4ff6a1c6f9cf,314,2026-08-28 18:44:36,8950.0,1,False,False,,
ord_b96cc0fc5301,315,2026-08-23 16:40:25,14950.0,2,True,False,,
ord_9787a3e1bd39,316,2026-08-14 12:59:02,4495.0,1,False,False,,
ord_70745c28f218,317,2026-09-04 13:16:14,8950.0,1,False,False,,
ord_7e2cedd89801,318,2026-09-03 17:23:38,8450.0,1,False,False,,
ord_e6a1286651bb,319,2026-08-09 17:25:06,4950.0,1,False,False,,
ord_1c11b9dc4c43,32,2026-08-09 04:36:11,6490.0,1,False,False,,
ord_4dc7e574f51a,320,2026-08-08 19:54:31,9990.0,2,True,False,,
ord_ea9f67bdf793,321,2026-08-09 16:24:15,6490.0,1,False,False,,
ord_488ff8b4746b,322,2026-08-28 14:03:47,14950.0,2,True,False,,
ord_99463ae24ffa,323,2026-08-09 18:56:09,9990.0,2,True,False,,
ord_135bfa95ad03,324,2026-08-31 19:22:31,8450.0,1,False,False,,
ord_ddbb4541344b,325,2026-08-06 11:41:17,9950.0,1,False,False,,
ord_12861ede06bc,326,2026-09-04 10:55:46,14950.0,2,True,False,,
ord_8bf454f78365,327,2026-09-06 12:45:38,8950.0,1,False,False,,
ord_b859f844b1a5,328,2026-09-05 10:58:26,14950.0,2,True,False,,
ord_e7831452ced4,329,2026-08-09 16:51:47,6490.0,1,False,False,,
ord_928f10d2291e,33,2026-08-08 16:26:36,9990.0,2,True,False,,
ord_fd39b10c3908,330,2026-09-03 15:10:16,14950.0,2,True,False,,
ord_57c16afa67f8,331,2026-08-09 16:31:09,9990.0,2,True,False,,
ord_e02a7725112b,332,2026-08-12 06:44:05,9900.0,1,False,False,,
ord_c067826c2ca3,333,2026-08-08 18:25:13,6490.0,1,False,False,,
ord_590ced3b4422,334,2026-08-07 11:16:14,19900.0,2,True,False,,
ord_34af20259fbd,335,2026-08-09 16:07:42,9900.0,2,True,False,,
ord_95bd993ee285,336,2026-08-09 13:48:41,9900.0,2,True,False,,
ord_877431ec0c32,337,2026-09-09 15:41:19,7475.0,1,False,False,,
ord_4ecca7af4cf8,338,2026-08-23 06:47:37,14950.0,2,True,False,,
ord_1d1e325b1015,339,2026-08-11 12:22:26,6450.0,1,False,False,,
ord_1f8f5738f7a5,34,2026-09-01 17:23:37,8945.0,1,False,False,,
ord_cf90c8fbe960,340,2026-08-29 09:29:52,11950.0,2,True,False,,
ord_485909dd6b46,341,2026-08-23 11:59:04,8950.0,1,False,False,,
ord_d64b7b2d3a01,342,2026-08-13 09:48:34,9950.0,1,False,False,,
ord_45ba707a0222,343,2026-09-01 19:07:54,8950.0,1,False,False,,
ord_5ef8606e1419,344,2026-09-06 14:48:52,8950.0,1,False,False,,
ord_5965176b6287,345,2026-09-03 16:33:15,8950.0,1,False,False,,
ord_ababed0c5621,346,2026-08-18 10:15:05,8745.0,1,False,False,,
ord_f6acca64ad00,347,2026-09-06 18:35:08,7475.0,1,False,False,,
ord_962831a9388f,348,2026-08-12 19:17:21,6950.0,1,False,False,,
ord_660500ab0aa9,349,2026-09-09 16:10:16,7475.0,1,False,False,,
ord_b72be25fba0f,35,2026-09-02 22:38:59,4225.0,1,False,False,,
ord_7bace96e0c9b,350,2026-09-05 18:12:55,8450.0,1,False,False,,
ord_239a0aae9906,351,2026-08-20 11:12:25,9450.0,1,False,False,,
ord_c096b6fe94ff,352,2026-09-03 16:22:06,8450.0,1,False,False,,
ord_ecd9f75966a5,353,2026-08-22 11:39:22,8950.0,1,False,False,,
ord_841355f12918,354,2026-09-04 13:47:25,8245.0,1,False,False,,
ord_552bf3c19d58,355,2026-09-02 14:30:26,8450.0,1,False,False,,
ord_e2384786940e,356,2026-08-09 13:48:05,6950.0,1,False,False,,
ord_6358eee5bb3a,357,2026-08-24 02:46:33,9950.0,1,False,False,,
ord_75d75d5c2011,358,2026-09-09 06:30:33,8450.0,1,False,False,,
ord_1483e99251d1,359,2026-09-06 18:40:33,7475.0,1,False,False,,
ord_be126db06077,36,2026-09-09 19:26:20,44750.0,5,True,False,,
ord_263e75057c5b,360,2026-08-23 20:57:22,8950.0,1,False,False,,
ord_4ff3d6061046,361,2026-08-17 10:53:42,17490.0,2,True,False,,
ord_79e5d7e342fa,362,2026-09-05 14:52:23,8450.0,1,False,False,,
ord_9c73b93ebeb1,363,2026-09-04 06:28:52,8945.0,1,False,False,,
ord_d4ed7a4954db,364,2026-08-13 00:01:02,8475.0,1,False,False,,
ord_5f7de6c74100,365,2026-08-09 16:15:08,6490.0,1,False,False,,
ord_67c7c79589a4,366,2026-09-06 15:18:37,8950.0,4,True,False,,
ord_7931824c632d,367,2026-08-23 18:18:15,8245.0,1,False,False,,
ord_69b507cb1402,368,2026-08-24 14:21:10,8950.0,1,False,False,,
ord_d9f1a7255d73,369,2026-08-09 18:53:23,4495.0,1,False,False,,
ord_1f9f13a88c1c,37,2026-09-02 04:13:14,5750.0,1,False,False,,
ord_69db2aa15c44,370,2026-08-08 14:10:35,6490.0,1,False,False,,
ord_48af7745d102,370,2026-08-22 11:14:12,5750.0,1,False,True,ord_69db2aa15c44,13.877512
ord_a81c8e5f13b0,371,2026-08-09 17:17:09,9900.0,2,True,False,,
ord_9ef922fe7db1,372,2026-08-22 15:11:44,7450.0,1,False,False,,
ord_831125eff2a0,373,2026-08-22 18:58:36,14950.0,2,True,False,,
ord_b302ac72e01b,374,2026-08-09 19:11:48,6450.0,1,False,False,,
ord_23ecd941d316,375,2026-09-04 14:19:28,7000.0,1,False,False,,
ord_5d605f891c4d,376,2026-09-03 15:43:04,6950.0,1,False,False,,
ord_1c319f621766,377,2026-09-05 19:24:12,14950.0,2,True,False,,
ord_d6c3baf2a59d,378,2026-09-04 15:08:47,8950.0,1,False,False,,
ord_3947b6dd5865,379,2026-09-04 11:44:55,7475.0,1,False,False,,
ord_1e3f658b7c5c,38,2026-08-09 12:15:31,6490.0,1,False,False,,
ord_294593978805,380,2026-08-09 17:19:11,6490.0,1,False,False,,
ord_ea25512b73c2,381,2026-09-09 14:46:43,8950.0,1,False,False,,
ord_8340200fdb32,382,2026-08-09 18:58:42,8900.0,2,True,False,,
ord_690ae97f65a4,383,2026-09-04 14:11:02,8950.0,1,False,False,,
ord_2c00935b67ae,384,2026-09-04 20:38:50,8450.0,1,False,False,,
ord_bf505f161b2e,385,2026-09-02 14:17:34,11950.0,2,True,False,,
ord_5cef4c62a827,386,2026-08-19 13:53:46,7000.0,1,False,False,,
ord_a755e94b3e12,387,2026-08-31 09:09:41,8545.0,1,False,False,,
ord_0d145d2e15fe,388,2026-08-12 13:28:18,7000.0,1,False,False,,
ord_5f20ace6fc1f,389,2026-08-09 10:18:12,9900.0,2,True,False,,
ord_f8def145da1a,389,2026-08-10 19:12:23,5990.0,1,False,True,ord_5f20ace6fc1f,1.370961
ord_2de2b58204c3,39,2026-08-27 17:02:28,9950.0,1,False,False,,
ord_1d3cac61f0bf,390,2026-09-01 02:23:30,8975.0,1,False,False,,
ord_ce27f3cfbb16,391,2026-08-14 18:55:11,8745.0,1,False,False,,
ord_7be70cebd233,392,2026-08-20 13:14:17,8745.0,1,False,False,,
ord_4f582873a606,393,2026-08-29 09:45:18,9450.0,1,False,False,,
ord_7602a24669d5,394,2026-09-05 10:17:43,8950.0,1,False,False,,
ord_45b32cd1647c,395,2026-09-03 11:18:32,8950.0,1,False,False,,
ord_45e8876f6cfa,396,2026-09-06 19:15:37,9950.0,1,False,False,,
ord_69fa7e46bd7f,397,2026-09-05 11:02:15,8950.0,1,False,False,,
ord_cbadcd188ed8,398,2026-09-05 18:06:36,8950.0,1,False,False,,
ord_a9b9ff4a43be,399,2026-09-06 19:02:33,8950.0,1,False,False,,
ord_0c344a2d8772,4,2026-08-31 15:42:34,8950.0,1,False,False,,
ord_fb5c1dbaecda,40,2026-08-09 16:36:02,6490.0,1,False,False,,
ord_8ad3d539446f,400,2026-08-09 16:12:09,6490.0,1,False,False,,
ord_8b88494f605b,401,2026-08-08 22:16:55,8245.0,1,False,False,,
ord_c0cdb47ceff3,402,2026-08-09 17:25:40,9990.0,2,True,False,,
ord_0bf6046efc8a,402,2026-09-03 17:30:08,8450.0,1,False,True,ord_c0cdb47ceff3,25.003102
ord_86b06f25a339,403,2026-08-31 10:18:44,8950.0,1,False,False,,
ord_a1e57b2d3da5,404,2026-09-02 19:30:00,7475.0,1,False,False,,
ord_be41abe10903,405,2026-09-05 14:29:26,8950.0,1,False,False,,
ord_2ed00dbff83c,406,2026-09-05 13:55:08,8450.0,1,False,False,,
ord_6f110cd80b95,407,2026-09-09 23:11:20,8950.0,1,False,False,,
ord_ed13c85c255c,408,2026-08-10 15:22:41,6490.0,1,False,False,,
ord_81efa0ac2de4,409,2026-09-03 21:58:56,5000.0,1,False,False,,
ord_c4644b0e0f2d,41,2026-08-12 10:22:39,6500.0,1,False,False,,
ord_4178ae8f2bc4,410,2026-08-08 16:51:05,6490.0,1,False,False,,
ord_f14db6e5243d,411,2026-08-30 11:21:33,8545.0,1,False,False,,
ord_e24d7c54ef5f,412,2026-08-08 14:06:52,9990.0,2,True,False,,
ord_8098d1de8413,413,2026-08-18 19:40:47,8745.0,1,False,False,,
ord_38c712db78c9,414,2026-09-05 16:25:16,8950.0,1,False,False,,
ord_4fac11f0a106,415,2026-08-09 04:51:42,4995.0,1,False,False,,
ord_0a4730bec9df,416,2026-09-05 21:19:33,13950.0,2,True,False,,
ord_6aa7158ecf66,417,2026-08-11 10:51:54,6950.0,1,False,False,,
ord_602d73de5f86,418,2026-08-26 04:03:43,14950.0,2,True,False,,
ord_db7e6f7f033e,419,2026-09-02 10:06:52,14950.0,2,True,False,,
ord_efda38df57f4,42,2026-09-06 11:42:46,8450.0,1,False,False,,
ord_abf7712e12f1,420,2026-08-14 20:17:00,6950.0,1,False,False,,
ord_714cff1bea2e,421,2026-08-08 20:25:37,9990.0,2,True,False,,
ord_c012ccb00c4f,422,2026-09-02 15:30:05,9450.0,1,False,False,,
ord_adeb2ba1981c,423,2026-09-01 12:44:58,7475.0,1,False,False,,
ord_683e175bdf9d,424,2026-08-23 17:45:31,14950.0,2,True,False,,
ord_2aa1c00e3027,425,2026-08-24 07:03:39,8503.0,1,False,False,,
ord_72b02976e17d,426,2026-08-13 09:26:22,6000.0,1,False,False,,
ord_05b980c654d8,427,2026-08-08 19:23:46,9900.0,2,True,False,,
ord_3233f27dd951,428,2026-09-04 18:33:44,17900.0,2,True,False,,
ord_42324b2e3165,429,2026-09-08 13:04:06,9950.0,1,False,False,,
ord_f90039fd6408,43,2026-09-05 07:16:30,12950.0,2,True,False,,
ord_270b804b75f1,430,2026-08-04 13:38:06,8950.0,1,False,False,,
ord_1fe30b789e57,430,2026-08-23 16:17:56,8000.0,1,False,True,ord_270b804b75f1,19.110995
ord_c561b01f9c91,431,2026-09-05 15:28:29,8950.0,1,False,False,,
ord_97eddacf988d,432,2026-08-29 19:39:58,8950.0,1,False,False,,
ord_2827ece2be1b,432,2026-08-30 10:31:12,8545.0,1,False,True,ord_97eddacf988d,0.618912
ord_5617a1c37eba,433,2026-08-09 19:40:37,9900.0,2,True,False,,
ord_ae5d6129364f,434,2026-09-06 15:23:19,8450.0,1,False,False,,
ord_897883fd1564,435,2026-08-09 16:13:53,9900.0,2,True,False,,
ord_b8ac3ff4b8d4,436,2026-08-23 15:04:52,8450.0,1,False,False,,
ord_ad06232a1c0f,437,2026-08-04 09:08:31,8950.0,1,False,False,,
ord_837c57f2e842,437,2026-08-04 09:35:00,7890.0,1,False,True,ord_ad06232a1c0f,0.018391
ord_5956830270d2,437,2026-08-22 08:23:59,8950.0,1,False,True,ord_837c57f2e842,17.950683
ord_f712f6cc35d5,437,2026-08-30 16:16:42,1000.0,1,False,True,ord_5956830270d2,8.328275
ord_2f78661d82e9,438,2026-09-09 13:24:37,8950.0,1,False,False,,
ord_bd7c9b7467b9,439,2026-08-09 20:20:29,6490.0,1,False,False,,
ord_5e9f45e4ab10,44,2026-09-06 12:29:18,6975.0,1,False,False,,
ord_c6935b8f98bb,440,2026-08-24 03:20:05,7475.0,1,False,False,,
ord_5812a74605dc,441,2026-08-16 09:40:30,8745.0,1,False,False,,
ord_95fe227aab34,442,2026-08-14 11:21:45,6950.0,1,False,False,,
ord_fe0111be5fd2,443,2026-08-04 10:14:38,16950.0,2,True,False,,
ord_75f8f247326c,444,2026-09-09 16:46:07,14950.0,2,True,False,,
ord_aeea7f764f37,445,2026-08-10 00:36:19,4950.0,1,False,False,,
ord_39a2dfe3e9ce,446,2026-08-10 09:02:50,6950.0,1,False,False,,
ord_20f6eedc8c53,447,2026-08-23 13:46:56,8450.0,1,False,False,,
ord_6fd3842b2c72,448,2026-08-14 14:23:30,16950.0,2,True,False,,
ord_142b55618fb5,449,2026-09-06 17:28:24,8950.0,1,False,False,,
ord_210787d94c0e,45,2026-08-14 10:04:52,5750.0,1,False,False,,
ord_0fe6ac00a1eb,450,2026-09-03 06:06:37,8950.0,1,False,False,,
ord_5e68f325058b,451,2026-08-08 16:24:46,8245.0,1,False,False,,
ord_91551c05a845,452,2026-08-25 21:09:34,8450.0,1,False,False,,
ord_853a1893188e,453,2026-08-11 17:07:53,4950.0,1,False,False,,
ord_a52a3e29f313,454,2026-09-07 04:33:26,8950.0,1,False,False,,
ord_7d298c57ea8b,455,2026-08-25 07:53:50,8950.0,1,False,False,,
ord_af67053bd721,456,2026-09-08 17:57:42,9950.0,1,False,False,,
ord_48dcf1cb9c5f,457,2026-08-09 10:16:31,6490.0,1,False,False,,
ord_cf28e880aa19,458,2026-08-22 11:58:37,8450.0,1,False,False,,
ord_359a7f0015d6,459,2026-08-07 11:31:08,9950.0,1,False,False,,
ord_b23afcf540ef,46,2026-08-12 05:13:04,6450.0,1,False,False,,
ord_6d8de48279c8,460,2026-08-12 13:12:40,8745.0,1,False,False,,
ord_babbeddca1a2,461,2026-09-05 15:01:05,14950.0,2,True,False,,
ord_c2a3ee8d5182,462,2026-08-09 16:45:22,500.0,1,False,False,,
ord_9ab228417bfb,463,2026-08-25 13:16:31,8950.0,1,False,False,,
ord_06562c623bb5,464,2026-08-10 18:30:49,4500.0,1,False,False,,
ord_6a241ad351a6,465,2026-09-07 08:21:23,4225.0,1,False,False,,
ord_210b0f2849cb,466,2026-08-26 13:56:39,8950.0,1,False,False,,
ord_46e1826d8353,467,2026-08-10 13:55:50,6490.0,1,False,False,,
ord_201d629a754d,468,2026-08-19 07:10:12,9450.0,1,False,False,,
ord_469d6cee2a43,469,2026-08-08 19:45:24,4950.0,1,False,False,,
ord_e36e60d34728,47,2026-08-08 12:24:55,9990.0,2,True,False,,
ord_0ecdee05efc2,470,2026-08-09 17:24:05,9900.0,2,True,False,,
ord_655db1f60a22,471,2026-09-04 18:12:51,9950.0,1,False,False,,
ord_0a317a84518b,472,2026-09-06 13:45:12,8950.0,1,False,False,,
ord_76904665ef13,473,2026-08-08 13:57:16,10000.0,1,False,False,,
ord_7a7e6a7bfea0,474,2026-08-14 07:16:32,6950.0,1,False,False,,
ord_e3a0f19ba7d6,475,2026-08-24 15:16:31,9950.0,1,False,False,,
ord_6696f8b1b1f9,476,2026-08-09 14:14:07,8900.0,2,True,False,,
ord_46ef084e2b55,477,2026-08-06 14:52:49,500.0,1,False,False,,
ord_661c6a5dfdd2,477,2026-08-18 15:06:11,9450.0,1,False,True,ord_46ef084e2b55,12.009282
ord_e0bb824184bd,478,2026-08-10 00:13:55,6450.0,1,False,False,,
ord_00a180cd6c8e,479,2026-08-16 09:40:02,8745.0,1,False,False,,
ord_1083148850a7,48,2026-09-05 14:24:29,8950.0,1,False,False,,
ord_4eceeff432e9,480,2026-08-04 16:17:19,15695.0,1,False,False,,
ord_ee69a32f7ef1,481,2026-08-07 13:09:54,8745.0,1,False,False,,
ord_0cc9a2c8492a,482,2026-08-15 16:30:16,16950.0,2,True,False,,
ord_0223aaad9fb8,483,2026-08-29 19:38:52,8450.0,1,False,False,,
ord_7c19dd623b8d,484,2026-08-15 19:17:47,8745.0,1,False,False,,
ord_0a92f9a92eee,485,2026-08-22 16:02:00,8450.0,1,False,False,,
ord_b012557d9850,486,2026-09-02 09:28:52,8950.0,1,False,False,,
ord_d9cbfb87ad10,487,2026-09-05 11:02:17,14950.0,2,True,False,,
ord_95bcaec3abcc,488,2026-08-09 16:36:09,19350.0,1,False,False,,
ord_7ea3038baaa9,489,2026-08-24 08:47:25,8850.0,1,False,False,,
ord_efb5eb469676,49,2026-09-06 14:51:02,14950.0,2,True,False,,
ord_8faf6162f0f4,490,2026-09-04 10:01:44,8450.0,1,False,False,,
ord_ca370d6c27f6,491,2026-09-07 09:04:54,8950.0,1,False,False,,
ord_c45100b4e16a,492,2026-08-20 14:21:52,9950.0,1,False,False,,
ord_c24217158089,493,2026-09-02 16:44:53,9950.0,1,False,False,,
ord_370b69ea2562,494,2026-09-05 19:15:54,8959.0,1,False,False,,
ord_f4a877b19ffd,495,2026-09-01 10:30:21,14950.0,2,True,False,,
ord_46a2d9571a52,496,2026-08-22 15:01:37,8950.0,1,False,False,,
ord_2ba921bac9ba,497,2026-08-31 12:11:14,8950.0,1,False,False,,
ord_57cb67eb8076,498,2026-08-10 18:10:53,9000.0,2,True,False,,
ord_875f527a2aa4,499,2026-09-08 13:24:34,8950.0,1,False,False,,
ord_62b6a483edc0,5,2026-08-22 16:19:00,5750.0,1,False,False,,
ord_9c158889661a,50,2026-09-02 10:32:55,8950.0,1,False,False,,
ord_29178d81a948,500,2026-08-10 13:21:01,6490.0,1,False,False,,
ord_491116105b95,501,2026-08-20 14:06:32,8745.0,1,False,False,,
ord_18fbab1ad4c3,502,2026-09-05 10:11:25,8450.0,1,False,False,,
ord_0082db0829bd,503,2026-08-31 14:40:32,14943.0,2,True,False,,
ord_7ab39fff47b8,504,2026-09-03 06:27:49,5975.0,1,False,False,,
ord_ba4abfdfe864,505,2026-08-11 18:00:05,9900.0,2,True,False,,
ord_102e712e189a,506,2026-08-27 12:29:06,8950.0,1,False,False,,
ord_54120da32129,507,2026-08-08 20:12:46,6490.0,1,False,False,,
ord_99691a8dae75,508,2026-08-09 21:33:27,9900.0,2,True,False,,
ord_2dd06279231c,508,2026-09-03 08:29:32,5750.0,1,False,True,ord_99691a8dae75,24.455613
ord_4d739afa5f94,509,2026-09-07 16:51:31,18900.0,1,False,False,,
ord_f48b2f5508f8,51,2026-09-06 15:46:24,2237.5,1,False,False,,
ord_18a6dcc7045d,510,2026-09-05 10:34:42,8950.0,1,False,False,,
ord_e358e30e4391,511,2026-08-08 17:29:42,4950.0,1,False,False,,
ord_f6ef4475ce39,512,2026-08-08 16:43:12,4995.0,1,False,False,,
ord_a363fcd3a15f,513,2026-08-23 17:34:10,13950.0,2,True,False,,
ord_6bdfb47b0489,514,2026-08-23 09:48:08,8950.0,1,False,False,,
ord_0157b9bc5064,515,2026-09-05 12:09:36,8450.0,1,False,False,,
ord_637f0af7f1cd,516,2026-08-08 16:59:49,9900.0,2,True,False,,
ord_925fe3b280a9,517,2026-09-05 12:48:03,8950.0,1,False,False,,
ord_cb589dc00928,518,2026-08-08 12:37:37,6490.0,1,False,False,,
ord_576fefc9db04,519,2026-08-10 16:09:27,14850.0,3,True,False,,
ord_ad0488603d88,52,2026-08-10 18:12:59,6450.0,1,False,False,,
ord_2e52a7d56510,520,2026-08-09 09:27:27,6490.0,1,False,False,,
ord_c2c8da6444f1,521,2026-08-12 14:21:51,6450.0,1,False,False,,
ord_5bfb4e5340dd,522,2026-08-17 16:24:17,6950.0,1,False,False,,
ord_fad9cd50221c,523,2026-09-02 11:00:48,8450.0,1,False,False,,
ord_539cd3463fa1,524,2026-09-01 11:54:01,8945.0,1,False,False,,
ord_3485a77bffca,525,2026-08-22 15:39:49,8950.0,1,False,False,,
ord_90ff0d63603c,526,2026-08-27 13:32:56,8950.0,1,False,False,,
ord_db2e2b5e4c25,527,2026-08-09 10:49:47,9900.0,2,True,False,,
ord_45c4aa5642cb,528,2026-09-06 16:54:20,8950.0,1,False,False,,
ord_33193f82cf51,529,2026-08-24 13:11:03,14950.0,2,True,False,,
ord_a7d4135925b6,53,2026-08-09 13:57:35,4950.0,1,False,False,,
ord_ac0c576450ed,530,2026-09-06 19:09:38,8950.0,1,False,False,,
ord_397422198a44,531,2026-08-30 10:04:17,8950.0,1,False,False,,
ord_28012fba1fa8,532,2026-08-08 16:22:47,9990.0,2,True,False,,
ord_5be8f3daa5c9,533,2026-09-05 10:24:14,8450.0,1,False,False,,
ord_69a14f3a5e99,534,2026-08-30 12:55:04,8450.0,1,False,False,,
ord_bbcfa1b9e3c5,535,2026-08-30 08:24:30,14950.0,2,True,False,,
ord_796bc5831f67,536,2026-08-12 12:22:52,16950.0,2,True,False,,
ord_ee706f82bf69,537,2026-08-12 04:49:43,9900.0,2,True,False,,
ord_fb36fe4ba9aa,538,2026-08-31 06:14:52,14950.0,2,True,False,,
ord_ed50d16d0823,539,2026-08-23 20:55:41,8950.0,1,False,False,,
ord_d993cb1ed82e,54,2026-08-08 12:39:51,6490.0,1,False,False,,
ord_8580c9d6159e,540,2026-09-05 14:57:41,8950.0,1,False,False,,
ord_23c038118beb,541,2026-09-02 10:48:17,14950.0,2,True,False,,
ord_71f1eec557b9,542,2026-08-23 18:26:56,8950.0,1,False,False,,
ord_484d54f2d8da,543,2026-08-09 14:01:24,4950.0,1,False,False,,
ord_f1007240875b,544,2026-08-10 06:26:01,4995.0,1,False,False,,
ord_3586329512b2,545,2026-09-05 19:45:17,8950.0,1,False,False,,
ord_83b5dfef4c64,546,2026-08-10 19:07:51,6490.0,1,False,False,,
ord_ed1071ff39c4,547,2026-09-01 15:53:22,14950.0,2,True,False,,
ord_08067185bfb2,548,2026-09-08 12:45:32,13950.0,2,True,False,,
ord_5f2e1c033a34,549,2026-08-24 05:25:17,16445.0,2,True,False,,
ord_49fa4fa4cd01,55,2026-09-06 15:35:13,2237.5,1,False,False,,
ord_5ab977ff1ef1,550,2026-08-09 16:24:42,5463.34,1,False,False,,
ord_215b1194a3e3,551,2026-09-02 09:58:19,8950.0,1,False,False,,
ord_f73b4b2b071f,552,2026-08-26 04:37:12,7475.0,1,False,False,,
ord_33f6ad2fee23,553,2026-09-05 18:27:14,8950.0,1,False,False,,
ord_3b5275e2bf5b,554,2026-08-08 12:44:01,10000.0,2,True,False,,
ord_6e0ef351a3e8,555,2026-09-02 09:38:46,14950.0,2,True,False,,
ord_d46c9dac9db3,556,2026-09-05 15:17:14,7475.0,1,False,False,,
ord_7a35fe072334,557,2026-08-23 16:56:11,8950.0,1,False,False,,
ord_9b3cd8fb6b42,558,2026-09-02 08:49:58,8245.0,1,False,False,,
ord_586c838ba61d,559,2026-08-23 04:11:37,8450.0,1,False,False,,
ord_4ed18a25fb1f,56,2026-09-06 12:12:33,7475.0,1,False,False,,
ord_230264778ff7,560,2026-08-25 14:09:51,8950.0,1,False,False,,
ord_3584920b3bfd,561,2026-09-03 18:55:28,18900.0,1,False,False,,
ord_ded00306c96f,562,2026-08-17 22:34:23,8745.0,1,False,False,,
ord_0475aef2b65b,563,2026-08-09 17:28:24,6490.0,1,False,False,,
ord_bf057dc269fd,564,2026-08-16 04:38:14,8745.0,1,False,False,,
ord_80a57412d276,565,2026-08-30 15:30:24,13950.0,2,True,False,,
ord_043336d70bbd,566,2026-08-30 18:45:42,8450.0,1,False,False,,
ord_278aa5024390,567,2026-09-09 15:06:26,14950.0,2,True,False,,
ord_aaae24f47115,568,2026-08-27 15:10:07,14950.0,2,True,False,,
ord_ae333cc3ea02,569,2026-09-06 08:00:03,8950.0,1,False,False,,
ord_e0cc3db31f5c,57,2026-08-10 00:14:10,4950.0,1,False,False,,
ord_db6be831afe4,570,2026-08-09 09:24:57,9990.0,2,True,False,,
ord_c76d4cfd3150,571,2026-08-04 17:19:52,16950.0,2,True,False,,
ord_1fceee77c844,572,2026-09-02 14:54:22,8945.0,1,False,False,,
ord_0d21daf5c92f,573,2026-08-30 09:39:42,8950.0,1,False,False,,
ord_0aacfa2737e8,574,2026-09-04 16:29:01,7475.0,1,False,False,,
ord_51b61aa19c4c,575,2026-08-19 09:21:46,24735.0,3,True,False,,
ord_3f57b26c130a,576,2026-09-04 17:26:34,7475.0,1,False,False,,
ord_e27b3647e4a5,577,2026-08-09 16:26:30,5463.33,1,False,False,,
ord_dc1bb67f9e3c,578,2026-08-21 12:29:55,8245.0,1,False,False,,
ord_a1f9bab00b6d,579,2026-08-06 16:20:47,8245.0,1,False,False,,
ord_becc242811f2,58,2026-08-09 16:12:46,16390.0,3,True,False,,
ord_790ad22a2528,580,2026-08-23 14:38:29,8950.0,1,False,False,,
ord_8e10622603c1,581,2026-08-23 11:19:47,8950.0,1,False,False,,
ord_84b1459a4d92,582,2026-09-04 15:03:52,8950.0,1,False,False,,
ord_3e34ca82d5e8,583,2026-08-25 04:27:38,8950.0,1,False,False,,
ord_6699eceec325,584,2026-08-10 15:33:39,6490.0,1,False,False,,
ord_66f646faab4c,585,2026-08-29 19:40:39,13950.0,2,True,False,,
ord_1c6b616d7106,586,2026-08-12 17:45:53,8745.0,1,False,False,,
ord_394a1a89b5ee,587,2026-08-26 21:47:21,8450.0,1,False,False,,
ord_9d29fe921e72,588,2026-08-11 02:43:57,6450.0,1,False,False,,
ord_40823b74df5a,589,2026-08-09 18:06:31,5990.0,1,False,False,,
ord_973e62f3ec27,59,2026-09-06 13:32:21,8950.0,1,False,False,,
ord_cd6fd80a1eaf,590,2026-09-04 11:04:11,8945.0,1,False,False,,
ord_37478f3e1765,591,2026-09-05 10:13:46,8450.0,1,False,False,,
ord_7391151bae48,592,2026-08-19 20:38:02,8245.0,1,False,False,,
ord_e72652175bc8,593,2026-09-06 19:53:15,9950.0,1,False,False,,
ord_2035e3041e35,594,2026-09-03 18:16:38,5000.0,1,False,False,,
ord_8aa29fb8059d,595,2026-08-22 16:55:59,14950.0,2,True,False,,
ord_983187abac2c,596,2026-09-05 16:26:36,8950.0,1,False,False,,
ord_83c980e97bd6,597,2026-08-09 18:00:04,5990.0,1,False,False,,
ord_0273750f92b4,598,2026-08-09 09:43:34,9900.0,2,True,False,,
ord_24dd72357c2b,599,2026-08-26 12:25:10,8950.0,1,False,False,,
ord_f51023de2d47,599,2026-08-31 16:05:26,8950.0,1,False,True,ord_24dd72357c2b,5.152963
ord_f724e25b9f3d,6,2026-09-02 19:16:28,8450.0,1,False,False,,
ord_3d5b4f37c4c9,60,2026-09-05 19:44:33,8950.0,1,False,False,,
ord_5e0c6a753190,600,2026-08-22 15:48:13,7450.0,1,False,False,,
ord_6657a8b7bd30,601,2026-09-04 04:51:49,22425.0,3,True,False,,
ord_b4126717b5c9,601,2026-09-06 14:28:33,13950.0,2,True,True,ord_6657a8b7bd30,2.400509
ord_52b9f1d19dc9,602,2026-09-05 17:42:39,8450.0,1,False,False,,
ord_7b7e5a53ef22,603,2026-08-18 16:34:39,8745.0,1,False,False,,
ord_68739e9f8a4a,604,2026-09-06 19:17:57,8950.0,1,False,False,,
ord_f339afbd01d6,605,2026-08-26 07:26:53,8950.0,1,False,False,,
ord_0d76feadce87,606,2026-08-10 18:36:00,6450.0,1,False,False,,
ord_6c5435c5c2c8,61,2026-08-27 19:44:33,13950.0,2,True,False,,
ord_f567051e92aa,62,2026-08-09 18:47:09,9990.0,2,True,False,,
ord_12f6f616dabf,63,2026-08-09 19:29:08,12900.0,2,True,False,,
ord_6cd9a2349b64,63,2026-09-07 05:24:57,8950.0,1,False,True,ord_12f6f616dabf,28.413762
ord_9de2499866fa,64,2026-08-09 14:45:05,4995.0,1,False,False,,
ord_dba585c831db,65,2026-08-09 18:45:20,6490.0,1,False,False,,
ord_a61f968bd76d,66,2026-08-13 05:36:55,8745.0,1,False,False,,
ord_ad3def68351d,67,2026-08-10 18:01:06,6490.0,1,False,False,,
ord_cd11acee5329,67,2026-09-05 17:04:40,8950.0,1,False,True,ord_ad3def68351d,25.96081
ord_7462e1ce0d8d,68,2026-09-08 17:53:12,15000.0,2,True,False,,
ord_49bfe678cd06,69,2026-08-22 04:22:43,6950.0,1,False,False,,
ord_37c2fbd9d690,7,2026-08-08 14:07:56,4950.0,1,False,False,,
ord_111f1b3401d4,70,2026-08-18 19:10:04,8475.0,1,False,False,,
ord_6d42b5728a49,71,2026-08-23 14:57:08,8450.0,1,False,False,,
ord_583e321a8c9c,72,2026-09-07 19:19:58,13950.0,2,True,False,,
ord_2ec716200ec9,73,2026-08-08 20:05:40,4995.0,1,False,False,,
ord_4b9ab0edfa9e,74,2026-09-06 10:34:28,8450.0,1,False,False,,
ord_a5b2d19baa1d,75,2026-08-18 18:53:33,16950.0,2,True,False,,
ord_07c9fa467ebc,76,2026-08-30 14:48:44,13950.0,2,True,False,,
ord_3ffcaf32e951,77,2026-08-31 17:54:30,8450.0,1,False,False,,
ord_ab876d71ca89,78,2026-09-08 05:10:30,6950.0,1,False,False,,
ord_85560eff62d3,79,2026-08-14 04:09:52,9950.0,1,False,False,,
ord_9cd9986674a9,8,2026-08-08 16:25:39,8990.0,2,True,False,,
ord_128f6f54c0bb,80,2026-09-09 04:53:08,6975.0,1,False,False,,
ord_16a607842721,81,2026-08-30 13:44:26,8450.0,1,False,False,,
ord_e444efef6261,82,2026-08-11 12:46:14,6490.0,2,True,False,,
ord_51aaa0b2c519,83,2026-08-10 07:52:44,6490.0,1,False,False,,
ord_d7d444a21f3a,84,2026-08-09 19:07:32,6490.0,1,False,False,,
ord_729b10b8833e,85,2026-08-24 15:57:32,8950.0,1,False,False,,
ord_59550e84122a,86,2026-08-10 16:16:30,4950.0,1,False,False,,
ord_8c349454dfff,87,2026-08-22 13:23:20,7475.0,1,False,False,,
ord_e0df4e4f3dc6,88,2026-09-01 19:27:16,8950.0,1,False,False,,
ord_0a2df2b27e22,89,2026-08-09 10:44:19,9900.0,1,False,False,,
ord_0f0247baca43,9,2026-09-03 14:55:45,8950.0,1,False,False,,
ord_850e9217af8a,90,2026-08-31 01:05:18,6975.0,1,False,False,,
ord_22a56662eca5,91,2026-08-24 00:44:40,8950.0,1,False,False,,
ord_f05ff3881547,92,2026-08-21 15:14:39,9950.0,1,False,False,,
ord_07526bb6597e,93,2026-08-10 05:56:12,6950.0,1,False,False,,
ord_4d5933cfffc8,94,2026-09-04 18:49:47,8950.0,1,False,False,,
ord_3225c431aef9,95,2026-08-23 19:08:11,14950.0,2,True,False,,
ord_688d994c970c,96,2026-08-09 16:21:43,6490.0,1,False,False,,
ord_a74b874abcdd,97,2026-09-06 17:27:55,8950.0,1,False,False,,
ord_de3a87c256a3,98,2026-08-23 14:14:48,14950.0,2,True,False,,
ord_c1ea22a76af1,99,2026-08-29 19:35:36,8450.0,1,False,False,,
