Номер студента,Сумма,Курс,Время,Дата,Ключ заказа
437,8950.0,ML про,2026-08-04 09:08:31,2026-08-04,437|2026-08-04 09:08:31
437,7890.0,Аналитика старт,2026-08-04 09:35:00,2026-08-04,437|2026-08-04 09:35:00
443,8475.0,Линейная алгебра,2026-08-04 10:14:38,2026-08-04,443|2026-08-04 10:14:38
443,8475.0,Мат анализ,2026-08-04 10:14:38,2026-08-04,443|2026-08-04 10:14:38
430,8950.0,К ВУЗу,2026-08-04 13:38:06,2026-08-04,430|2026-08-04 13:38:06
480,15695.0,Data Science,2026-08-04 16:17:19,2026-08-04,480|2026-08-04 16:17:19
131,8745.0,Backend старт,2026-08-04 17:05:46,2026-08-04,131|2026-08-04 17:05:46
571,8475.0,ML про,2026-08-04 17:19:52,2026-08-04,571|2026-08-04 17:19:52
571,8475.0,ML старт,2026-08-04 17:19:52,2026-08-04,571|2026-08-04 17:19:52
159,8475.0,Backend про,2026-08-05 12:56:32,2026-08-05,159|2026-08-05 12:56:32
159,8475.0,Backend старт,2026-08-05 12:56:32,2026-08-05,159|2026-08-05 12:56:32
126,8745.0,ML старт,2026-08-05 13:22:41,2026-08-05,126|2026-08-05 13:22:41
225,8745.0,АВ тестам,2026-08-05 14:22:34,2026-08-05,225|2026-08-05 14:22:34
137,8475.0,Backend старт,2026-08-05 15:01:16,2026-08-05,137|2026-08-05 15:01:16
280,8245.0,ML старт,2026-08-05 16:37:02,2026-08-05,280|2026-08-05 16:37:02
222,7975.0,Backend про,2026-08-05 18:52:56,2026-08-05,222|2026-08-05 18:52:56
222,7975.0,Backend старт,2026-08-05 18:52:56,2026-08-05,222|2026-08-05 18:52:56
291,9950.0,Линейная алгебра,2026-08-06 10:06:16,2026-08-06,291|2026-08-06 10:06:16
291,9950.0,Мат анализ,2026-08-06 10:06:16,2026-08-06,291|2026-08-06 10:06:16
295,6950.0,К ВУЗу,2026-08-06 10:14:55,2026-08-06,295|2026-08-06 10:14:55
294,9950.0,Линейная алгебра,2026-08-06 10:39:31,2026-08-06,294|2026-08-06 10:39:31
325,9950.0,Линейная алгебра,2026-08-06 11:41:17,2026-08-06,325|2026-08-06 11:41:17
166,6950.0,К ВУЗу,2026-08-06 12:15:46,2026-08-06,166|2026-08-06 12:15:46
477,500.0,Теория вероятностей,2026-08-06 14:52:49,2026-08-06,477|2026-08-06 14:52:49
579,8245.0,ML старт,2026-08-06 16:20:47,2026-08-06,579|2026-08-06 16:20:47
334,9950.0,Линейная алгебра,2026-08-07 11:16:14,2026-08-07,334|2026-08-07 11:16:14
334,9950.0,Мат анализ,2026-08-07 11:16:14,2026-08-07,334|2026-08-07 11:16:14
459,9950.0,Мат анализ,2026-08-07 11:31:08,2026-08-07,459|2026-08-07 11:31:08
313,9450.0,Мат анализ,2026-08-07 11:58:49,2026-08-07,313|2026-08-07 11:58:49
481,8745.0,ML про,2026-08-07 13:09:54,2026-08-07,481|2026-08-07 13:09:54
249,6950.0,К ВУЗу,2026-08-07 19:38:55,2026-08-07,249|2026-08-07 19:38:55
259,8745.0,ML про,2026-08-08 07:59:01,2026-08-08,259|2026-08-08 07:59:01
26,6490.0,Backend старт,2026-08-08 09:23:01,2026-08-08,26|2026-08-08 09:23:01
183,6490.0,Backend старт,2026-08-08 10:08:11,2026-08-08,183|2026-08-08 10:08:11
47,4995.0,ML старт,2026-08-08 12:24:55,2026-08-08,47|2026-08-08 12:24:55
47,4995.0,Алгоритмы старт,2026-08-08 12:24:55,2026-08-08,47|2026-08-08 12:24:55
518,6490.0,Алгоритмы старт,2026-08-08 12:37:37,2026-08-08,518|2026-08-08 12:37:37
54,6490.0,Алгоритмы старт,2026-08-08 12:39:51,2026-08-08,54|2026-08-08 12:39:51
554,5000.0,ML старт,2026-08-08 12:44:01,2026-08-08,554|2026-08-08 12:44:01
554,5000.0,Алгоритмы старт,2026-08-08 12:44:01,2026-08-08,554|2026-08-08 12:44:01
473,10000.0,Алгоритмы,2026-08-08 13:57:16,2026-08-08,473|2026-08-08 13:57:16
308,4950.0,Backend старт,2026-08-08 14:05:17,2026-08-08,308|2026-08-08 14:05:17
308,4950.0,Алгоритмы старт,2026-08-08 14:05:17,2026-08-08,308|2026-08-08 14:05:17
412,4995.0,ML старт,2026-08-08 14:06:52,2026-08-08,412|2026-08-08 14:06:52
412,4995.0,Алгоритмы старт,2026-08-08 14:06:52,2026-08-08,412|2026-08-08 14:06:52
7,4950.0,Backend старт,2026-08-08 14:07:56,2026-08-08,7|2026-08-08 14:07:56
370,6490.0,Backend старт,2026-08-08 14:10:35,2026-08-08,370|2026-08-08 14:10:35
532,4995.0,Аналитика про,2026-08-08 16:22:47,2026-08-08,532|2026-08-08 16:22:47
532,4995.0,Аналитика старт,2026-08-08 16:22:47,2026-08-08,532|2026-08-08 16:22:47
451,8245.0,Backend про,2026-08-08 16:24:46,2026-08-08,451|2026-08-08 16:24:46
265,5990.0,ML старт,2026-08-08 16:25:28,2026-08-08,265|2026-08-08 16:25:28
8,4495.0,АВ тестам,2026-08-08 16:25:39,2026-08-08,8|2026-08-08 16:25:39
8,4495.0,Алгоритмы,2026-08-08 16:25:39,2026-08-08,8|2026-08-08 16:25:39
33,4995.0,Backend старт,2026-08-08 16:26:36,2026-08-08,33|2026-08-08 16:26:36
33,4995.0,Алгоритмы старт,2026-08-08 16:26:36,2026-08-08,33|2026-08-08 16:26:36
512,4995.0,Алгоритмы старт,2026-08-08 16:43:12,2026-08-08,512|2026-08-08 16:43:12
410,6490.0,Backend старт,2026-08-08 16:51:05,2026-08-08,410|2026-08-08 16:51:05
516,4950.0,Алгоритмы старт,2026-08-08 16:59:49,2026-08-08,516|2026-08-08 16:59:49
516,4950.0,Аналитика старт,2026-08-08 16:59:49,2026-08-08,516|2026-08-08 16:59:49
511,4950.0,Аналитика старт,2026-08-08 17:29:42,2026-08-08,511|2026-08-08 17:29:42
256,5990.0,ML старт,2026-08-08 17:54:37,2026-08-08,256|2026-08-08 17:54:37
333,6490.0,Аналитика старт,2026-08-08 18:25:13,2026-08-08,333|2026-08-08 18:25:13
233,6490.0,Аналитика старт,2026-08-08 18:51:08,2026-08-08,233|2026-08-08 18:51:08
427,4950.0,ML старт,2026-08-08 19:23:46,2026-08-08,427|2026-08-08 19:23:46
427,4950.0,Алгоритмы,2026-08-08 19:23:46,2026-08-08,427|2026-08-08 19:23:46
120,6490.0,Аналитика старт,2026-08-08 19:28:26,2026-08-08,120|2026-08-08 19:28:26
469,4950.0,Алгоритмы,2026-08-08 19:45:24,2026-08-08,469|2026-08-08 19:45:24
161,4995.0,Backend старт,2026-08-08 19:49:42,2026-08-08,161|2026-08-08 19:49:42
161,4995.0,Алгоритмы старт,2026-08-08 19:49:42,2026-08-08,161|2026-08-08 19:49:42
320,4995.0,Алгоритмы старт,2026-08-08 19:54:31,2026-08-08,320|2026-08-08 19:54:31
320,4995.0,Аналитика старт,2026-08-08 19:54:31,2026-08-08,320|2026-08-08 19:54:31
135,4995.0,ML старт,2026-08-08 20:00:19,2026-08-08,135|2026-08-08 20:00:19
135,4995.0,Алгоритмы старт,2026-08-08 20:00:19,2026-08-08,135|2026-08-08 20:00:19
73,4995.0,Алгоритмы старт,2026-08-08 20:05:40,2026-08-08,73|2026-08-08 20:05:40
227,4725.0,ML старт,2026-08-08 20:08:33,2026-08-08,227|2026-08-08 20:08:33
227,4725.0,Алгоритмы старт,2026-08-08 20:08:33,2026-08-08,227|2026-08-08 20:08:33
507,6490.0,ML старт,2026-08-08 20:12:46,2026-08-08,507|2026-08-08 20:12:46
421,4995.0,Data Engenering,2026-08-08 20:25:37,2026-08-08,421|2026-08-08 20:25:37
421,4995.0,Алгоритмы,2026-08-08 20:25:37,2026-08-08,421|2026-08-08 20:25:37
401,8245.0,Backend про,2026-08-08 22:16:55,2026-08-08,401|2026-08-08 22:16:55
160,4995.0,Аналитика старт,2026-08-09 02:39:44,2026-08-09,160|2026-08-09 02:39:44
32,6490.0,ML старт,2026-08-09 04:36:11,2026-08-09,32|2026-08-09 04:36:11
415,4995.0,Backend старт,2026-08-09 04:51:42,2026-08-09,415|2026-08-09 04:51:42
167,4950.0,ML старт,2026-08-09 09:07:16,2026-08-09,167|2026-08-09 09:07:16
167,4950.0,Алгоритмы старт,2026-08-09 09:07:16,2026-08-09,167|2026-08-09 09:07:16
262,6490.0,Backend про,2026-08-09 09:10:55,2026-08-09,262|2026-08-09 09:10:55
570,4995.0,Алгоритмы старт,2026-08-09 09:24:57,2026-08-09,570|2026-08-09 09:24:57
570,4995.0,Аналитика старт,2026-08-09 09:24:57,2026-08-09,570|2026-08-09 09:24:57
520,6490.0,Аналитика старт,2026-08-09 09:27:27,2026-08-09,520|2026-08-09 09:27:27
598,4950.0,Backend старт,2026-08-09 09:43:34,2026-08-09,598|2026-08-09 09:43:34
598,4950.0,Алгоритмы,2026-08-09 09:43:34,2026-08-09,598|2026-08-09 09:43:34
279,6490.0,Аналитика старт,2026-08-09 09:48:26,2026-08-09,279|2026-08-09 09:48:26
207,6490.0,Алгоритмы старт,2026-08-09 10:15:38,2026-08-09,207|2026-08-09 10:15:38
457,6490.0,Алгоритмы старт,2026-08-09 10:16:31,2026-08-09,457|2026-08-09 10:16:31
389,4950.0,ML старт,2026-08-09 10:18:12,2026-08-09,389|2026-08-09 10:18:12
389,4950.0,Алгоритмы старт,2026-08-09 10:18:12,2026-08-09,389|2026-08-09 10:18:12
89,9900.0,Алгоритмы,2026-08-09 10:44:19,2026-08-09,89|2026-08-09 10:44:19
232,6490.0,Аналитика старт,2026-08-09 10:47:20,2026-08-09,232|2026-08-09 10:47:20
527,4950.0,ML старт,2026-08-09 10:49:47,2026-08-09,527|2026-08-09 10:49:47
527,4950.0,Алгоритмы старт,2026-08-09 10:49:47,2026-08-09,527|2026-08-09 10:49:47
129,6490.0,Аналитика старт,2026-08-09 10:56:45,2026-08-09,129|2026-08-09 10:56:45
19,4950.0,Алгоритмы старт,2026-08-09 11:01:50,2026-08-09,19|2026-08-09 11:01:50
19,4950.0,Аналитика старт,2026-08-09 11:01:50,2026-08-09,19|2026-08-09 11:01:50
38,6490.0,Аналитика старт,2026-08-09 12:15:31,2026-08-09,38|2026-08-09 12:15:31
206,4995.0,Backend старт,2026-08-09 13:00:12,2026-08-09,206|2026-08-09 13:00:12
206,4995.0,Алгоритмы,2026-08-09 13:00:12,2026-08-09,206|2026-08-09 13:00:12
356,6950.0,Backend старт,2026-08-09 13:48:05,2026-08-09,356|2026-08-09 13:48:05
336,4950.0,ML старт,2026-08-09 13:48:41,2026-08-09,336|2026-08-09 13:48:41
336,4950.0,Алгоритмы старт,2026-08-09 13:48:41,2026-08-09,336|2026-08-09 13:48:41
53,4950.0,ML старт,2026-08-09 13:57:35,2026-08-09,53|2026-08-09 13:57:35
543,4950.0,Алгоритмы старт,2026-08-09 14:01:24,2026-08-09,543|2026-08-09 14:01:24
476,4450.0,ML старт,2026-08-09 14:14:07,2026-08-09,476|2026-08-09 14:14:07
476,4450.0,Алгоритмы старт,2026-08-09 14:14:07,2026-08-09,476|2026-08-09 14:14:07
64,4995.0,Алгоритмы,2026-08-09 14:45:05,2026-08-09,64|2026-08-09 14:45:05
335,4950.0,ML старт,2026-08-09 16:07:42,2026-08-09,335|2026-08-09 16:07:42
335,4950.0,Алгоритмы старт,2026-08-09 16:07:42,2026-08-09,335|2026-08-09 16:07:42
400,6490.0,Алгоритмы старт,2026-08-09 16:12:09,2026-08-09,400|2026-08-09 16:12:09
58,5463.33,Backend старт,2026-08-09 16:12:46,2026-08-09,58|2026-08-09 16:12:46
58,5463.33,ML старт,2026-08-09 16:12:46,2026-08-09,58|2026-08-09 16:12:46
58,5463.34,Алгоритмы старт,2026-08-09 16:12:46,2026-08-09,58|2026-08-09 16:12:46
435,4950.0,Аналитика про,2026-08-09 16:13:53,2026-08-09,435|2026-08-09 16:13:53
435,4950.0,Аналитика старт,2026-08-09 16:13:53,2026-08-09,435|2026-08-09 16:13:53
365,6490.0,ML старт,2026-08-09 16:15:08,2026-08-09,365|2026-08-09 16:15:08
286,6490.0,Аналитика старт,2026-08-09 16:16:39,2026-08-09,286|2026-08-09 16:16:39
96,6490.0,Аналитика старт,2026-08-09 16:21:43,2026-08-09,96|2026-08-09 16:21:43
321,6490.0,ML старт,2026-08-09 16:24:15,2026-08-09,321|2026-08-09 16:24:15
550,5463.34,Алгоритмы старт,2026-08-09 16:24:42,2026-08-09,550|2026-08-09 16:24:42
577,5463.33,Backend старт,2026-08-09 16:26:30,2026-08-09,577|2026-08-09 16:26:30
176,6490.0,Алгоритмы,2026-08-09 16:29:58,2026-08-09,176|2026-08-09 16:29:58
331,4995.0,Алгоритмы старт,2026-08-09 16:31:09,2026-08-09,331|2026-08-09 16:31:09
331,4995.0,Аналитика старт,2026-08-09 16:31:09,2026-08-09,331|2026-08-09 16:31:09
138,6490.0,ML старт,2026-08-09 16:33:22,2026-08-09,138|2026-08-09 16:33:22
40,6490.0,Аналитика старт,2026-08-09 16:36:02,2026-08-09,40|2026-08-09 16:36:02
488,19350.0,Алгоритмы,2026-08-09 16:36:09,2026-08-09,488|2026-08-09 16:36:09
462,500.0,Алгоритмы старт,2026-08-09 16:45:22,2026-08-09,462|2026-08-09 16:45:22
329,6490.0,Алгоритмы старт,2026-08-09 16:51:47,2026-08-09,329|2026-08-09 16:51:47
12,6490.0,Backend старт,2026-08-09 16:52:01,2026-08-09,12|2026-08-09 16:52:01
371,4950.0,ML старт,2026-08-09 17:17:09,2026-08-09,371|2026-08-09 17:17:09
371,4950.0,Алгоритмы старт,2026-08-09 17:17:09,2026-08-09,371|2026-08-09 17:17:09
380,6490.0,ML старт,2026-08-09 17:19:11,2026-08-09,380|2026-08-09 17:19:11
184,4950.0,Алгоритмы старт,2026-08-09 17:20:07,2026-08-09,184|2026-08-09 17:20:07
470,4950.0,ML старт,2026-08-09 17:24:05,2026-08-09,470|2026-08-09 17:24:05
470,4950.0,Алгоритмы,2026-08-09 17:24:05,2026-08-09,470|2026-08-09 17:24:05
319,4950.0,ML старт,2026-08-09 17:25:06,2026-08-09,319|2026-08-09 17:25:06
402,4995.0,ML старт,2026-08-09 17:25:40,2026-08-09,402|2026-08-09 17:25:40
402,4995.0,Алгоритмы старт,2026-08-09 17:25:40,2026-08-09,402|2026-08-09 17:25:40
563,6490.0,Аналитика старт,2026-08-09 17:28:24,2026-08-09,563|2026-08-09 17:28:24
597,5990.0,ML старт,2026-08-09 18:00:04,2026-08-09,597|2026-08-09 18:00:04
589,5990.0,Алгоритмы старт,2026-08-09 18:06:31,2026-08-09,589|2026-08-09 18:06:31
65,6490.0,Аналитика старт,2026-08-09 18:45:20,2026-08-09,65|2026-08-09 18:45:20
103,6490.0,Аналитика старт,2026-08-09 18:46:42,2026-08-09,103|2026-08-09 18:46:42
62,4995.0,Backend старт,2026-08-09 18:47:09,2026-08-09,62|2026-08-09 18:47:09
62,4995.0,Алгоритмы старт,2026-08-09 18:47:09,2026-08-09,62|2026-08-09 18:47:09
187,4495.0,Алгоритмы старт,2026-08-09 18:48:05,2026-08-09,187|2026-08-09 18:48:05
187,4495.0,Аналитика старт,2026-08-09 18:48:05,2026-08-09,187|2026-08-09 18:48:05
369,4495.0,Алгоритмы старт,2026-08-09 18:53:23,2026-08-09,369|2026-08-09 18:53:23
282,8745.0,ML про,2026-08-09 18:55:57,2026-08-09,282|2026-08-09 18:55:57
323,4995.0,Backend старт,2026-08-09 18:56:09,2026-08-09,323|2026-08-09 18:56:09
323,4995.0,Алгоритмы,2026-08-09 18:56:09,2026-08-09,323|2026-08-09 18:56:09
382,4450.0,ML старт,2026-08-09 18:58:42,2026-08-09,382|2026-08-09 18:58:42
382,4450.0,Алгоритмы старт,2026-08-09 18:58:42,2026-08-09,382|2026-08-09 18:58:42
228,6450.0,Data Science,2026-08-09 19:02:28,2026-08-09,228|2026-08-09 19:02:28
84,6490.0,Backend старт,2026-08-09 19:07:32,2026-08-09,84|2026-08-09 19:07:32
374,6450.0,Data Science,2026-08-09 19:11:48,2026-08-09,374|2026-08-09 19:11:48
63,6450.0,Data Engenering,2026-08-09 19:29:08,2026-08-09,63|2026-08-09 19:29:08
63,6450.0,Data Science,2026-08-09 19:29:08,2026-08-09,63|2026-08-09 19:29:08
433,4950.0,ML старт,2026-08-09 19:40:37,2026-08-09,433|2026-08-09 19:40:37
433,4950.0,Алгоритмы старт,2026-08-09 19:40:37,2026-08-09,433|2026-08-09 19:40:37
439,6490.0,Backend старт,2026-08-09 20:20:29,2026-08-09,439|2026-08-09 20:20:29
223,6490.0,Алгоритмы старт,2026-08-09 20:27:29,2026-08-09,223|2026-08-09 20:27:29
508,4950.0,Backend старт,2026-08-09 21:33:27,2026-08-09,508|2026-08-09 21:33:27
508,4950.0,Алгоритмы старт,2026-08-09 21:33:27,2026-08-09,508|2026-08-09 21:33:27
478,6450.0,Data Engenering,2026-08-10 00:13:55,2026-08-10,478|2026-08-10 00:13:55
57,4950.0,ML старт,2026-08-10 00:14:10,2026-08-10,57|2026-08-10 00:14:10
445,4950.0,Аналитика про,2026-08-10 00:36:19,2026-08-10,445|2026-08-10 00:36:19
93,6950.0,К ВУЗу,2026-08-10 05:56:12,2026-08-10,93|2026-08-10 05:56:12
186,4950.0,Алгоритмы старт,2026-08-10 06:13:10,2026-08-10,186|2026-08-10 06:13:10
544,4995.0,Алгоритмы,2026-08-10 06:26:01,2026-08-10,544|2026-08-10 06:26:01
83,6490.0,Аналитика старт,2026-08-10 07:52:44,2026-08-10,83|2026-08-10 07:52:44
152,6490.0,ML старт,2026-08-10 08:42:13,2026-08-10,152|2026-08-10 08:42:13
446,6950.0,Data Engenering,2026-08-10 09:02:50,2026-08-10,446|2026-08-10 09:02:50
106,4950.0,Backend старт,2026-08-10 10:53:02,2026-08-10,106|2026-08-10 10:53:02
106,4950.0,Алгоритмы старт,2026-08-10 10:53:02,2026-08-10,106|2026-08-10 10:53:02
158,4700.0,Backend старт,2026-08-10 12:37:30,2026-08-10,158|2026-08-10 12:37:30
158,4700.0,Алгоритмы,2026-08-10 12:37:30,2026-08-10,158|2026-08-10 12:37:30
164,8745.0,ML старт,2026-08-10 13:08:15,2026-08-10,164|2026-08-10 13:08:15
500,6490.0,Аналитика старт,2026-08-10 13:21:01,2026-08-10,500|2026-08-10 13:21:01
467,6490.0,Аналитика старт,2026-08-10 13:55:50,2026-08-10,467|2026-08-10 13:55:50
217,6950.0,К ВУЗу,2026-08-10 14:24:20,2026-08-10,217|2026-08-10 14:24:20
258,6490.0,Алгоритмы,2026-08-10 15:03:03,2026-08-10,258|2026-08-10 15:03:03
408,6490.0,Аналитика старт,2026-08-10 15:22:41,2026-08-10,408|2026-08-10 15:22:41
584,6490.0,Алгоритмы старт,2026-08-10 15:33:39,2026-08-10,584|2026-08-10 15:33:39
519,4950.0,Алгоритмы старт,2026-08-10 16:09:27,2026-08-10,519|2026-08-10 16:09:27
519,4950.0,Аналитика про,2026-08-10 16:09:27,2026-08-10,519|2026-08-10 16:09:27
519,4950.0,Аналитика старт,2026-08-10 16:09:27,2026-08-10,519|2026-08-10 16:09:27
86,4950.0,Алгоритмы старт,2026-08-10 16:16:30,2026-08-10,86|2026-08-10 16:16:30
21,4950.0,Алгоритмы старт,2026-08-10 16:29:36,2026-08-10,21|2026-08-10 16:29:36
21,4950.0,Аналитика старт,2026-08-10 16:29:36,2026-08-10,21|2026-08-10 16:29:36
16,4950.0,ML старт,2026-08-10 16:56:42,2026-08-10,16|2026-08-10 16:56:42
16,4950.0,Алгоритмы старт,2026-08-10 16:56:42,2026-08-10,16|2026-08-10 16:56:42
67,6490.0,Аналитика старт,2026-08-10 18:01:06,2026-08-10,67|2026-08-10 18:01:06
498,4500.0,Аналитика про,2026-08-10 18:10:53,2026-08-10,498|2026-08-10 18:10:53
498,4500.0,Аналитика старт,2026-08-10 18:10:53,2026-08-10,498|2026-08-10 18:10:53
52,6450.0,К ВУЗу,2026-08-10 18:12:59,2026-08-10,52|2026-08-10 18:12:59
464,4500.0,Аналитика старт,2026-08-10 18:30:49,2026-08-10,464|2026-08-10 18:30:49
606,6450.0,К ВУЗу,2026-08-10 18:36:00,2026-08-10,606|2026-08-10 18:36:00
546,6490.0,Аналитика старт,2026-08-10 19:07:51,2026-08-10,546|2026-08-10 19:07:51
389,5990.0,Аналитика старт,2026-08-10 19:12:23,2026-08-10,389|2026-08-10 19:12:23
588,6450.0,К ВУЗу,2026-08-11 02:43:57,2026-08-11,588|2026-08-11 02:43:57
173,4950.0,ML старт,2026-08-11 07:48:36,2026-08-11,173|2026-08-11 07:48:36
173,4950.0,Алгоритмы старт,2026-08-11 07:48:36,2026-08-11,173|2026-08-11 07:48:36
417,6950.0,К ВУЗу,2026-08-11 10:51:54,2026-08-11,417|2026-08-11 10:51:54
281,4950.0,ML старт,2026-08-11 12:02:08,2026-08-11,281|2026-08-11 12:02:08
339,6450.0,К ВУЗу,2026-08-11 12:22:26,2026-08-11,339|2026-08-11 12:22:26
82,3245.0,Аналитика про,2026-08-11 12:46:14,2026-08-11,82|2026-08-11 12:46:14
82,3245.0,Аналитика старт,2026-08-11 12:46:14,2026-08-11,82|2026-08-11 12:46:14
142,6490.0,Аналитика старт,2026-08-11 15:49:13,2026-08-11,142|2026-08-11 15:49:13
304,6950.0,К ВУЗу,2026-08-11 15:52:40,2026-08-11,304|2026-08-11 15:52:40
311,4950.0,ML старт,2026-08-11 16:15:41,2026-08-11,311|2026-08-11 16:15:41
311,4950.0,Алгоритмы старт,2026-08-11 16:15:41,2026-08-11,311|2026-08-11 16:15:41
453,4950.0,Алгоритмы старт,2026-08-11 17:07:53,2026-08-11,453|2026-08-11 17:07:53
505,4950.0,ML старт,2026-08-11 18:00:05,2026-08-11,505|2026-08-11 18:00:05
505,4950.0,Алгоритмы старт,2026-08-11 18:00:05,2026-08-11,505|2026-08-11 18:00:05
112,8475.0,ML про,2026-08-11 18:41:42,2026-08-11,112|2026-08-11 18:41:42
112,8475.0,ML старт,2026-08-11 18:41:42,2026-08-11,112|2026-08-11 18:41:42
179,6490.0,Аналитика старт,2026-08-12 02:06:02,2026-08-12,179|2026-08-12 02:06:02
537,4950.0,ML старт,2026-08-12 04:49:43,2026-08-12,537|2026-08-12 04:49:43
537,4950.0,Алгоритмы старт,2026-08-12 04:49:43,2026-08-12,537|2026-08-12 04:49:43
46,6450.0,К ВУЗу,2026-08-12 05:13:04,2026-08-12,46|2026-08-12 05:13:04
260,4950.0,Алгоритмы,2026-08-12 05:32:11,2026-08-12,260|2026-08-12 05:32:11
260,4950.0,Алгоритмы про,2026-08-12 05:32:11,2026-08-12,260|2026-08-12 05:32:11
234,4950.0,ML старт,2026-08-12 06:04:03,2026-08-12,234|2026-08-12 06:04:03
332,9900.0,ML старт,2026-08-12 06:44:05,2026-08-12,332|2026-08-12 06:44:05
41,6500.0,ML старт,2026-08-12 10:22:39,2026-08-12,41|2026-08-12 10:22:39
536,8475.0,Аналитика про,2026-08-12 12:22:52,2026-08-12,536|2026-08-12 12:22:52
536,8475.0,Аналитика старт,2026-08-12 12:22:52,2026-08-12,536|2026-08-12 12:22:52
460,8745.0,Аналитика старт,2026-08-12 13:12:40,2026-08-12,460|2026-08-12 13:12:40
388,7000.0,ML старт,2026-08-12 13:28:18,2026-08-12,388|2026-08-12 13:28:18
521,6450.0,К ВУЗу,2026-08-12 14:21:51,2026-08-12,521|2026-08-12 14:21:51
586,8745.0,Аналитика старт,2026-08-12 17:45:53,2026-08-12,586|2026-08-12 17:45:53
170,6000.0,ML старт,2026-08-12 17:51:00,2026-08-12,170|2026-08-12 17:51:00
348,6950.0,К ВУЗу,2026-08-12 19:17:21,2026-08-12,348|2026-08-12 19:17:21
364,8475.0,Аналитика про,2026-08-13 00:01:02,2026-08-13,364|2026-08-13 00:01:02
66,8745.0,Алгоритмы старт,2026-08-13 05:36:55,2026-08-13,66|2026-08-13 05:36:55
426,6000.0,ML старт,2026-08-13 09:26:22,2026-08-13,426|2026-08-13 09:26:22
342,9950.0,Теория вероятностей,2026-08-13 09:48:34,2026-08-13,342|2026-08-13 09:48:34
275,8745.0,Алгоритмы старт,2026-08-13 09:51:23,2026-08-13,275|2026-08-13 09:51:23
132,8745.0,Аналитика про,2026-08-13 11:39:13,2026-08-13,132|2026-08-13 11:39:13
175,9950.0,Теория вероятностей,2026-08-13 16:14:01,2026-08-13,175|2026-08-13 16:14:01
153,5750.0,Алгоритмы,2026-08-13 18:30:59,2026-08-13,153|2026-08-13 18:30:59
208,6450.0,К ВУЗу,2026-08-13 19:25:17,2026-08-13,208|2026-08-13 19:25:17
79,9950.0,Теория вероятностей,2026-08-14 04:09:52,2026-08-14,79|2026-08-14 04:09:52
229,9950.0,Теория вероятностей,2026-08-14 04:19:44,2026-08-14,229|2026-08-14 04:19:44
474,6950.0,К ВУЗу,2026-08-14 07:16:32,2026-08-14,474|2026-08-14 07:16:32
45,5750.0,Алгоритмы,2026-08-14 10:04:52,2026-08-14,45|2026-08-14 10:04:52
442,6950.0,К ВУЗу,2026-08-14 11:21:45,2026-08-14,442|2026-08-14 11:21:45
316,4495.0,АВ тестам,2026-08-14 12:59:02,2026-08-14,316|2026-08-14 12:59:02
448,8475.0,ML про,2026-08-14 14:23:30,2026-08-14,448|2026-08-14 14:23:30
448,8475.0,ML старт,2026-08-14 14:23:30,2026-08-14,448|2026-08-14 14:23:30
391,8745.0,Алгоритмы старт,2026-08-14 18:55:11,2026-08-14,391|2026-08-14 18:55:11
420,6950.0,К ВУЗу,2026-08-14 20:17:00,2026-08-14,420|2026-08-14 20:17:00
276,2875.0,ML старт,2026-08-15 12:43:23,2026-08-15,276|2026-08-15 12:43:23
276,2875.0,Алгоритмы старт,2026-08-15 12:43:23,2026-08-15,276|2026-08-15 12:43:23
162,6950.0,К ВУЗу,2026-08-15 12:51:04,2026-08-15,162|2026-08-15 12:51:04
130,9950.0,Алгоритмы,2026-08-15 14:59:16,2026-08-15,130|2026-08-15 14:59:16
482,8475.0,ML старт,2026-08-15 16:30:16,2026-08-15,482|2026-08-15 16:30:16
482,8475.0,Алгоритмы,2026-08-15 16:30:16,2026-08-15,482|2026-08-15 16:30:16
484,8745.0,Аналитика старт,2026-08-15 19:17:47,2026-08-15,484|2026-08-15 19:17:47
564,8745.0,Аналитика старт,2026-08-16 04:38:14,2026-08-16,564|2026-08-16 04:38:14
479,8745.0,Аналитика старт,2026-08-16 09:40:02,2026-08-16,479|2026-08-16 09:40:02
441,8745.0,Алгоритмы старт,2026-08-16 09:40:30,2026-08-16,441|2026-08-16 09:40:30
133,4950.0,Аналитика про,2026-08-16 09:59:37,2026-08-16,133|2026-08-16 09:59:37
133,4950.0,Аналитика старт,2026-08-16 09:59:37,2026-08-16,133|2026-08-16 09:59:37
143,6950.0,К ВУЗу,2026-08-16 13:21:36,2026-08-16,143|2026-08-16 13:21:36
361,8745.0,ML старт,2026-08-17 10:53:42,2026-08-17,361|2026-08-17 10:53:42
361,8745.0,Алгоритмы старт,2026-08-17 10:53:42,2026-08-17,361|2026-08-17 10:53:42
522,6950.0,К ВУЗу,2026-08-17 16:24:17,2026-08-17,522|2026-08-17 16:24:17
562,8745.0,ML старт,2026-08-17 22:34:23,2026-08-17,562|2026-08-17 22:34:23
346,8745.0,ML старт,2026-08-18 10:15:05,2026-08-18,346|2026-08-18 10:15:05
477,9450.0,Линейная алгебра,2026-08-18 15:06:11,2026-08-18,477|2026-08-18 15:06:11
603,8745.0,Аналитика старт,2026-08-18 16:34:39,2026-08-18,603|2026-08-18 16:34:39
75,8475.0,Аналитика про,2026-08-18 18:53:33,2026-08-18,75|2026-08-18 18:53:33
75,8475.0,Аналитика старт,2026-08-18 18:53:33,2026-08-18,75|2026-08-18 18:53:33
70,8475.0,Аналитика старт,2026-08-18 19:10:04,2026-08-18,70|2026-08-18 19:10:04
413,8745.0,Аналитика старт,2026-08-18 19:40:47,2026-08-18,413|2026-08-18 19:40:47
468,9450.0,Линейная алгебра,2026-08-19 07:10:12,2026-08-19,468|2026-08-19 07:10:12
287,6950.0,Data Science,2026-08-19 07:46:07,2026-08-19,287|2026-08-19 07:46:07
575,8245.0,Алгоритмы старт,2026-08-19 09:21:46,2026-08-19,575|2026-08-19 09:21:46
575,8245.0,Аналитика про,2026-08-19 09:21:46,2026-08-19,575|2026-08-19 09:21:46
575,8245.0,Аналитика старт,2026-08-19 09:21:46,2026-08-19,575|2026-08-19 09:21:46
386,7000.0,Backend про,2026-08-19 13:53:46,2026-08-19,386|2026-08-19 13:53:46
592,8245.0,Алгоритмы старт,2026-08-19 20:38:02,2026-08-19,592|2026-08-19 20:38:02
351,9450.0,Линейная алгебра,2026-08-20 11:12:25,2026-08-20,351|2026-08-20 11:12:25
392,8745.0,Аналитика старт,2026-08-20 13:14:17,2026-08-20,392|2026-08-20 13:14:17
501,8745.0,ML старт,2026-08-20 14:06:32,2026-08-20,501|2026-08-20 14:06:32
492,9950.0,Теория вероятностей,2026-08-20 14:21:52,2026-08-20,492|2026-08-20 14:21:52
146,6950.0,К ВУЗу,2026-08-20 16:27:30,2026-08-20,146|2026-08-20 16:27:30
101,8745.0,Алгоритмы старт,2026-08-20 17:34:00,2026-08-20,101|2026-08-20 17:34:00
199,9950.0,Мат анализ,2026-08-21 09:02:18,2026-08-21,199|2026-08-21 09:02:18
578,8245.0,Аналитика про,2026-08-21 12:29:55,2026-08-21,578|2026-08-21 12:29:55
92,9950.0,Линейная алгебра,2026-08-21 15:14:39,2026-08-21,92|2026-08-21 15:14:39
69,6950.0,К ВУЗу,2026-08-22 04:22:43,2026-08-22,69|2026-08-22 04:22:43
437,8950.0,AI агенты,2026-08-22 08:23:59,2026-08-22,437|2026-08-22 08:23:59
218,8475.0,Backend про,2026-08-22 09:03:23,2026-08-22,218|2026-08-22 09:03:23
218,8475.0,Алгоритмы про,2026-08-22 09:03:23,2026-08-22,218|2026-08-22 09:03:23
156,7475.0,Алгоритмы про,2026-08-22 10:54:14,2026-08-22,156|2026-08-22 10:54:14
156,7475.0,Алгоритмы старт,2026-08-22 10:54:14,2026-08-22,156|2026-08-22 10:54:14
211,7475.0,AI агенты,2026-08-22 11:08:24,2026-08-22,211|2026-08-22 11:08:24
211,7475.0,ML про,2026-08-22 11:08:24,2026-08-22,211|2026-08-22 11:08:24
370,5750.0,Backend про,2026-08-22 11:14:12,2026-08-22,370|2026-08-22 11:14:12
277,5750.0,Backend про,2026-08-22 11:24:53,2026-08-22,277|2026-08-22 11:24:53
293,8950.0,Backend про,2026-08-22 11:35:35,2026-08-22,293|2026-08-22 11:35:35
353,8950.0,Аналитика старт,2026-08-22 11:39:22,2026-08-22,353|2026-08-22 11:39:22
458,8450.0,Backend про,2026-08-22 11:58:37,2026-08-22,458|2026-08-22 11:58:37
87,7475.0,Алгоритмы про,2026-08-22 13:23:20,2026-08-22,87|2026-08-22 13:23:20
248,7475.0,ML про,2026-08-22 13:43:42,2026-08-22,248|2026-08-22 13:43:42
496,8950.0,ML старт,2026-08-22 15:01:37,2026-08-22,496|2026-08-22 15:01:37
372,7450.0,AI агенты,2026-08-22 15:11:44,2026-08-22,372|2026-08-22 15:11:44
525,8950.0,Аналитика старт,2026-08-22 15:39:49,2026-08-22,525|2026-08-22 15:39:49
600,7450.0,AI агенты,2026-08-22 15:48:13,2026-08-22,600|2026-08-22 15:48:13
485,8450.0,Аналитика про,2026-08-22 16:02:00,2026-08-22,485|2026-08-22 16:02:00
5,5750.0,ML про,2026-08-22 16:19:00,2026-08-22,5|2026-08-22 16:19:00
595,7475.0,AI агенты,2026-08-22 16:55:59,2026-08-22,595|2026-08-22 16:55:59
595,7475.0,ML про,2026-08-22 16:55:59,2026-08-22,595|2026-08-22 16:55:59
17,9950.0,Алгоритмы,2026-08-22 17:01:20,2026-08-22,17|2026-08-22 17:01:20
297,8450.0,Алгоритмы,2026-08-22 17:26:07,2026-08-22,297|2026-08-22 17:26:07
240,6450.0,Алгоритмы про,2026-08-22 18:00:15,2026-08-22,240|2026-08-22 18:00:15
373,7475.0,Алгоритмы про,2026-08-22 18:58:36,2026-08-22,373|2026-08-22 18:58:36
373,7475.0,Алгоритмы старт,2026-08-22 18:58:36,2026-08-22,373|2026-08-22 18:58:36
220,9950.0,Линейная алгебра,2026-08-22 19:19:35,2026-08-22,220|2026-08-22 19:19:35
200,7475.0,Аналитика про,2026-08-22 19:40:16,2026-08-22,200|2026-08-22 19:40:16
200,7475.0,Аналитика старт,2026-08-22 19:40:16,2026-08-22,200|2026-08-22 19:40:16
263,8950.0,ML про,2026-08-22 19:53:10,2026-08-22,263|2026-08-22 19:53:10
559,8450.0,Алгоритмы,2026-08-23 04:11:37,2026-08-23,559|2026-08-23 04:11:37
338,7475.0,Аналитика про,2026-08-23 06:47:37,2026-08-23,338|2026-08-23 06:47:37
338,7475.0,Аналитика старт,2026-08-23 06:47:37,2026-08-23,338|2026-08-23 06:47:37
209,8950.0,Backend про,2026-08-23 06:58:29,2026-08-23,209|2026-08-23 06:58:29
221,7475.0,Аналитика про,2026-08-23 07:41:37,2026-08-23,221|2026-08-23 07:41:37
221,7475.0,Аналитика старт,2026-08-23 07:41:37,2026-08-23,221|2026-08-23 07:41:37
118,8450.0,Backend про,2026-08-23 08:24:45,2026-08-23,118|2026-08-23 08:24:45
514,8950.0,ML старт,2026-08-23 09:48:08,2026-08-23,514|2026-08-23 09:48:08
312,7475.0,Аналитика про,2026-08-23 09:59:13,2026-08-23,312|2026-08-23 09:59:13
30,8950.0,ML про,2026-08-23 10:06:51,2026-08-23,30|2026-08-23 10:06:51
581,8950.0,ML про,2026-08-23 11:19:47,2026-08-23,581|2026-08-23 11:19:47
341,8950.0,ML про,2026-08-23 11:59:04,2026-08-23,341|2026-08-23 11:59:04
237,8950.0,AI агенты,2026-08-23 13:29:45,2026-08-23,237|2026-08-23 13:29:45
447,8450.0,Backend про,2026-08-23 13:46:56,2026-08-23,447|2026-08-23 13:46:56
98,7475.0,Аналитика про,2026-08-23 14:14:48,2026-08-23,98|2026-08-23 14:14:48
98,7475.0,Аналитика старт,2026-08-23 14:14:48,2026-08-23,98|2026-08-23 14:14:48
580,8950.0,AI агенты,2026-08-23 14:38:29,2026-08-23,580|2026-08-23 14:38:29
71,8450.0,Алгоритмы,2026-08-23 14:57:08,2026-08-23,71|2026-08-23 14:57:08
436,8450.0,Алгоритмы про,2026-08-23 15:04:52,2026-08-23,436|2026-08-23 15:04:52
229,8450.0,AI агенты,2026-08-23 15:38:51,2026-08-23,229|2026-08-23 15:38:51
307,8450.0,Аналитика про,2026-08-23 15:39:57,2026-08-23,307|2026-08-23 15:39:57
235,8450.0,AI агенты,2026-08-23 16:04:24,2026-08-23,235|2026-08-23 16:04:24
430,8000.0,К ВУЗу,2026-08-23 16:17:56,2026-08-23,430|2026-08-23 16:17:56
172,8950.0,AI агенты,2026-08-23 16:29:57,2026-08-23,172|2026-08-23 16:29:57
315,7475.0,AI агенты,2026-08-23 16:40:25,2026-08-23,315|2026-08-23 16:40:25
315,7475.0,Backend про,2026-08-23 16:40:25,2026-08-23,315|2026-08-23 16:40:25
149,8950.0,ML про,2026-08-23 16:50:14,2026-08-23,149|2026-08-23 16:50:14
290,7475.0,Аналитика старт,2026-08-23 16:53:02,2026-08-23,290|2026-08-23 16:53:02
557,8950.0,ML про,2026-08-23 16:56:11,2026-08-23,557|2026-08-23 16:56:11
513,6975.0,AI агенты,2026-08-23 17:34:10,2026-08-23,513|2026-08-23 17:34:10
513,6975.0,Алгоритмы про,2026-08-23 17:34:10,2026-08-23,513|2026-08-23 17:34:10
424,7475.0,AI агенты,2026-08-23 17:45:31,2026-08-23,424|2026-08-23 17:45:31
424,7475.0,Аналитика про,2026-08-23 17:45:31,2026-08-23,424|2026-08-23 17:45:31
216,7475.0,AI агенты,2026-08-23 18:13:18,2026-08-23,216|2026-08-23 18:13:18
367,8245.0,Аналитика старт,2026-08-23 18:18:15,2026-08-23,367|2026-08-23 18:18:15
542,8950.0,Backend старт,2026-08-23 18:26:56,2026-08-23,542|2026-08-23 18:26:56
107,6975.0,AI агенты,2026-08-23 18:28:17,2026-08-23,107|2026-08-23 18:28:17
107,6975.0,Аналитика про,2026-08-23 18:28:17,2026-08-23,107|2026-08-23 18:28:17
298,6975.0,Аналитика про,2026-08-23 18:48:14,2026-08-23,298|2026-08-23 18:48:14
95,7475.0,AI агенты,2026-08-23 19:08:11,2026-08-23,95|2026-08-23 19:08:11
95,7475.0,Аналитика про,2026-08-23 19:08:11,2026-08-23,95|2026-08-23 19:08:11
203,7475.0,AI агенты,2026-08-23 20:42:20,2026-08-23,203|2026-08-23 20:42:20
203,7475.0,Аналитика про,2026-08-23 20:42:20,2026-08-23,203|2026-08-23 20:42:20
539,8950.0,AI агенты,2026-08-23 20:55:41,2026-08-23,539|2026-08-23 20:55:41
257,8450.0,Backend про,2026-08-23 20:56:06,2026-08-23,257|2026-08-23 20:56:06
360,8950.0,AI агенты,2026-08-23 20:57:22,2026-08-23,360|2026-08-23 20:57:22
213,8950.0,Аналитика про,2026-08-23 20:58:38,2026-08-23,213|2026-08-23 20:58:38
104,7475.0,AI агенты,2026-08-23 21:00:30,2026-08-23,104|2026-08-23 21:00:30
104,7475.0,ML про,2026-08-23 21:00:30,2026-08-23,104|2026-08-23 21:00:30
91,8950.0,ML старт,2026-08-24 00:44:40,2026-08-24,91|2026-08-24 00:44:40
357,9950.0,Теория вероятностей,2026-08-24 02:46:33,2026-08-24,357|2026-08-24 02:46:33
440,7475.0,ML про,2026-08-24 03:20:05,2026-08-24,440|2026-08-24 03:20:05
215,6975.0,Алгоритмы про,2026-08-24 03:22:36,2026-08-24,215|2026-08-24 03:22:36
549,8222.5,AI агенты,2026-08-24 05:25:17,2026-08-24,549|2026-08-24 05:25:17
549,8222.5,Backend про,2026-08-24 05:25:17,2026-08-24,549|2026-08-24 05:25:17
425,8503.0,AI агенты,2026-08-24 07:03:39,2026-08-24,425|2026-08-24 07:03:39
489,8850.0,ML старт,2026-08-24 08:47:25,2026-08-24,489|2026-08-24 08:47:25
243,8950.0,AI агенты,2026-08-24 10:40:35,2026-08-24,243|2026-08-24 10:40:35
268,8950.0,AI агенты,2026-08-24 12:52:49,2026-08-24,268|2026-08-24 12:52:49
529,7475.0,Алгоритмы про,2026-08-24 13:11:03,2026-08-24,529|2026-08-24 13:11:03
529,7475.0,Алгоритмы старт,2026-08-24 13:11:03,2026-08-24,529|2026-08-24 13:11:03
368,8950.0,Аналитика про,2026-08-24 14:21:10,2026-08-24,368|2026-08-24 14:21:10
141,7475.0,Алгоритмы старт,2026-08-24 14:48:12,2026-08-24,141|2026-08-24 14:48:12
192,7475.0,AI агенты,2026-08-24 15:05:04,2026-08-24,192|2026-08-24 15:05:04
192,7475.0,ML про,2026-08-24 15:05:04,2026-08-24,192|2026-08-24 15:05:04
475,9950.0,Линейная алгебра,2026-08-24 15:16:31,2026-08-24,475|2026-08-24 15:16:31
85,8950.0,Аналитика про,2026-08-24 15:57:32,2026-08-24,85|2026-08-24 15:57:32
194,8950.0,Алгоритмы старт,2026-08-24 16:25:21,2026-08-24,194|2026-08-24 16:25:21
111,8950.0,Аналитика про,2026-08-24 16:49:26,2026-08-24,111|2026-08-24 16:49:26
299,8950.0,Аналитика про,2026-08-24 16:58:19,2026-08-24,299|2026-08-24 16:58:19
201,6950.0,Data Science,2026-08-24 17:28:20,2026-08-24,201|2026-08-24 17:28:20
263,6000.0,AI агенты,2026-08-25 03:19:38,2026-08-25,263|2026-08-25 03:19:38
583,8950.0,AI агенты,2026-08-25 04:27:38,2026-08-25,583|2026-08-25 04:27:38
168,7475.0,AI агенты,2026-08-25 06:26:04,2026-08-25,168|2026-08-25 06:26:04
168,7475.0,ML про,2026-08-25 06:26:04,2026-08-25,168|2026-08-25 06:26:04
165,8450.0,Аналитика про,2026-08-25 07:21:38,2026-08-25,165|2026-08-25 07:21:38
455,8950.0,Backend старт,2026-08-25 07:53:50,2026-08-25,455|2026-08-25 07:53:50
148,7475.0,AI агенты,2026-08-25 09:49:25,2026-08-25,148|2026-08-25 09:49:25
116,7475.0,АВ тестам,2026-08-25 10:01:02,2026-08-25,116|2026-08-25 10:01:02
116,7475.0,Аналитика про,2026-08-25 10:01:02,2026-08-25,116|2026-08-25 10:01:02
121,8950.0,AI агенты,2026-08-25 11:38:56,2026-08-25,121|2026-08-25 11:38:56
138,5750.0,ML про,2026-08-25 12:39:08,2026-08-25,138|2026-08-25 12:39:08
463,8950.0,ML про,2026-08-25 13:16:31,2026-08-25,463|2026-08-25 13:16:31
560,8950.0,AI агенты,2026-08-25 14:09:51,2026-08-25,560|2026-08-25 14:09:51
140,8450.0,Аналитика старт,2026-08-25 16:01:50,2026-08-25,140|2026-08-25 16:01:50
202,7475.0,AI агенты,2026-08-25 19:24:14,2026-08-25,202|2026-08-25 19:24:14
202,7475.0,Backend про,2026-08-25 19:24:14,2026-08-25,202|2026-08-25 19:24:14
452,8450.0,AI агенты,2026-08-25 21:09:34,2026-08-25,452|2026-08-25 21:09:34
269,7475.0,Backend про,2026-08-25 22:26:03,2026-08-25,269|2026-08-25 22:26:03
163,8450.0,AI агенты,2026-08-26 01:23:32,2026-08-26,163|2026-08-26 01:23:32
418,7475.0,Backend про,2026-08-26 04:03:43,2026-08-26,418|2026-08-26 04:03:43
418,7475.0,Backend старт,2026-08-26 04:03:43,2026-08-26,418|2026-08-26 04:03:43
552,7475.0,Аналитика про,2026-08-26 04:37:12,2026-08-26,552|2026-08-26 04:37:12
605,8950.0,Алгоритмы про,2026-08-26 07:26:53,2026-08-26,605|2026-08-26 07:26:53
178,8950.0,AI агенты,2026-08-26 09:15:13,2026-08-26,178|2026-08-26 09:15:13
599,8950.0,Аналитика старт,2026-08-26 12:25:10,2026-08-26,599|2026-08-26 12:25:10
466,8950.0,ML про,2026-08-26 13:56:39,2026-08-26,466|2026-08-26 13:56:39
255,8950.0,ML старт,2026-08-26 14:52:53,2026-08-26,255|2026-08-26 14:52:53
587,8450.0,AI агенты,2026-08-26 21:47:21,2026-08-26,587|2026-08-26 21:47:21
136,7475.0,AI агенты,2026-08-27 08:57:04,2026-08-27,136|2026-08-27 08:57:04
136,7475.0,Backend про,2026-08-27 08:57:04,2026-08-27,136|2026-08-27 08:57:04
506,8950.0,AI агенты,2026-08-27 12:29:06,2026-08-27,506|2026-08-27 12:29:06
526,8950.0,AI агенты,2026-08-27 13:32:56,2026-08-27,526|2026-08-27 13:32:56
185,6975.0,AI агенты,2026-08-27 14:36:47,2026-08-27,185|2026-08-27 14:36:47
185,6975.0,ML про,2026-08-27 14:36:47,2026-08-27,185|2026-08-27 14:36:47
568,7475.0,ML старт,2026-08-27 15:10:07,2026-08-27,568|2026-08-27 15:10:07
568,7475.0,Аналитика про,2026-08-27 15:10:07,2026-08-27,568|2026-08-27 15:10:07
191,7462.5,AI агенты,2026-08-27 15:11:14,2026-08-27,191|2026-08-27 15:11:14
191,7462.5,Алгоритмы,2026-08-27 15:11:14,2026-08-27,191|2026-08-27 15:11:14
191,7462.5,Мат анализ,2026-08-27 15:11:14,2026-08-27,191|2026-08-27 15:11:14
191,7462.5,Теория вероятностей,2026-08-27 15:11:14,2026-08-27,191|2026-08-27 15:11:14
39,9950.0,Мат анализ,2026-08-27 17:02:28,2026-08-27,39|2026-08-27 17:02:28
61,6975.0,ML про,2026-08-27 19:44:33,2026-08-27,61|2026-08-27 19:44:33
61,6975.0,ML старт,2026-08-27 19:44:33,2026-08-27,61|2026-08-27 19:44:33
11,6975.0,ML старт,2026-08-27 20:09:27,2026-08-27,11|2026-08-27 20:09:27
122,7475.0,ML про,2026-08-27 20:55:44,2026-08-27,122|2026-08-27 20:55:44
122,7475.0,ML старт,2026-08-27 20:55:44,2026-08-27,122|2026-08-27 20:55:44
177,8950.0,Аналитика старт,2026-08-28 10:47:56,2026-08-28,177|2026-08-28 10:47:56
219,9950.0,Мат анализ,2026-08-28 13:23:53,2026-08-28,219|2026-08-28 13:23:53
322,7475.0,ML про,2026-08-28 14:03:47,2026-08-28,322|2026-08-28 14:03:47
322,7475.0,Алгоритмы старт,2026-08-28 14:03:47,2026-08-28,322|2026-08-28 14:03:47
289,8950.0,AI агенты,2026-08-28 16:24:51,2026-08-28,289|2026-08-28 16:24:51
29,8450.0,Backend старт,2026-08-28 18:20:56,2026-08-28,29|2026-08-28 18:20:56
314,8950.0,Аналитика старт,2026-08-28 18:44:36,2026-08-28,314|2026-08-28 18:44:36
236,7475.0,ML про,2026-08-29 05:27:29,2026-08-29,236|2026-08-29 05:27:29
340,5975.0,АВ тестам,2026-08-29 09:29:52,2026-08-29,340|2026-08-29 09:29:52
340,5975.0,Аналитика старт,2026-08-29 09:29:52,2026-08-29,340|2026-08-29 09:29:52
393,9450.0,Мат анализ,2026-08-29 09:45:18,2026-08-29,393|2026-08-29 09:45:18
144,4475.0,Аналитика про,2026-08-29 11:51:08,2026-08-29,144|2026-08-29 11:51:08
144,4475.0,Аналитика старт,2026-08-29 11:51:08,2026-08-29,144|2026-08-29 11:51:08
242,8950.0,ML про,2026-08-29 13:44:52,2026-08-29,242|2026-08-29 13:44:52
27,8950.0,ML про,2026-08-29 14:47:39,2026-08-29,27|2026-08-29 14:47:39
99,8450.0,AI агенты,2026-08-29 19:35:36,2026-08-29,99|2026-08-29 19:35:36
483,8450.0,AI агенты,2026-08-29 19:38:52,2026-08-29,483|2026-08-29 19:38:52
432,8950.0,Backend про,2026-08-29 19:39:58,2026-08-29,432|2026-08-29 19:39:58
585,6975.0,AI агенты,2026-08-29 19:40:39,2026-08-29,585|2026-08-29 19:40:39
585,6975.0,ML про,2026-08-29 19:40:39,2026-08-29,585|2026-08-29 19:40:39
285,6975.0,AI агенты,2026-08-30 08:22:49,2026-08-30,285|2026-08-30 08:22:49
285,6975.0,ML про,2026-08-30 08:22:49,2026-08-30,285|2026-08-30 08:22:49
535,7475.0,Backend старт,2026-08-30 08:24:30,2026-08-30,535|2026-08-30 08:24:30
535,7475.0,Алгоритмы старт,2026-08-30 08:24:30,2026-08-30,535|2026-08-30 08:24:30
573,8950.0,AI агенты,2026-08-30 09:39:42,2026-08-30,573|2026-08-30 09:39:42
531,8950.0,Backend старт,2026-08-30 10:04:17,2026-08-30,531|2026-08-30 10:04:17
432,8545.0,AI агенты,2026-08-30 10:31:12,2026-08-30,432|2026-08-30 10:31:12
411,8545.0,AI агенты,2026-08-30 11:21:33,2026-08-30,411|2026-08-30 11:21:33
284,6975.0,ML про,2026-08-30 11:56:49,2026-08-30,284|2026-08-30 11:56:49
534,8450.0,AI агенты,2026-08-30 12:55:04,2026-08-30,534|2026-08-30 12:55:04
145,8950.0,Аналитика про,2026-08-30 13:06:05,2026-08-30,145|2026-08-30 13:06:05
81,8450.0,AI агенты,2026-08-30 13:44:26,2026-08-30,81|2026-08-30 13:44:26
76,6975.0,Алгоритмы про,2026-08-30 14:48:44,2026-08-30,76|2026-08-30 14:48:44
76,6975.0,Аналитика про,2026-08-30 14:48:44,2026-08-30,76|2026-08-30 14:48:44
565,6975.0,Алгоритмы про,2026-08-30 15:30:24,2026-08-30,565|2026-08-30 15:30:24
565,6975.0,Алгоритмы старт,2026-08-30 15:30:24,2026-08-30,565|2026-08-30 15:30:24
437,1000.0,AI агенты,2026-08-30 16:16:42,2026-08-30,437|2026-08-30 16:16:42
253,8950.0,AI агенты,2026-08-30 17:04:49,2026-08-30,253|2026-08-30 17:04:49
241,8950.0,Backend старт,2026-08-30 17:07:59,2026-08-30,241|2026-08-30 17:07:59
25,8450.0,ML про,2026-08-30 18:34:15,2026-08-30,25|2026-08-30 18:34:15
566,8450.0,ML про,2026-08-30 18:45:42,2026-08-30,566|2026-08-30 18:45:42
274,6975.0,Аналитика про,2026-08-30 23:37:30,2026-08-30,274|2026-08-30 23:37:30
14,8950.0,AI агенты,2026-08-30 23:52:21,2026-08-30,14|2026-08-30 23:52:21
90,6975.0,Алгоритмы старт,2026-08-31 01:05:18,2026-08-31,90|2026-08-31 01:05:18
538,7475.0,Backend старт,2026-08-31 06:14:52,2026-08-31,538|2026-08-31 06:14:52
538,7475.0,Алгоритмы старт,2026-08-31 06:14:52,2026-08-31,538|2026-08-31 06:14:52
157,7475.0,AI агенты,2026-08-31 06:39:53,2026-08-31,157|2026-08-31 06:39:53
157,7475.0,ML про,2026-08-31 06:39:53,2026-08-31,157|2026-08-31 06:39:53
134,6975.0,Алгоритмы про,2026-08-31 08:06:47,2026-08-31,134|2026-08-31 08:06:47
267,8950.0,Аналитика про,2026-08-31 08:26:17,2026-08-31,267|2026-08-31 08:26:17
387,8545.0,AI агенты,2026-08-31 09:09:41,2026-08-31,387|2026-08-31 09:09:41
403,8950.0,Backend про,2026-08-31 10:18:44,2026-08-31,403|2026-08-31 10:18:44
497,8950.0,Backend про,2026-08-31 12:11:14,2026-08-31,497|2026-08-31 12:11:14
26,8975.0,Backend про,2026-08-31 14:03:44,2026-08-31,26|2026-08-31 14:03:44
26,8975.0,Дискретка,2026-08-31 14:03:44,2026-08-31,26|2026-08-31 14:03:44
503,7471.5,Аналитика про,2026-08-31 14:40:32,2026-08-31,503|2026-08-31 14:40:32
503,7471.5,Аналитика старт,2026-08-31 14:40:32,2026-08-31,503|2026-08-31 14:40:32
4,8950.0,AI агенты,2026-08-31 15:42:34,2026-08-31,4|2026-08-31 15:42:34
599,8950.0,Аналитика про,2026-08-31 16:05:26,2026-08-31,599|2026-08-31 16:05:26
305,7475.0,Алгоритмы про,2026-08-31 17:03:19,2026-08-31,305|2026-08-31 17:03:19
305,7475.0,Алгоритмы старт,2026-08-31 17:03:19,2026-08-31,305|2026-08-31 17:03:19
239,8450.0,Аналитика про,2026-08-31 17:06:09,2026-08-31,239|2026-08-31 17:06:09
77,8450.0,Аналитика про,2026-08-31 17:54:30,2026-08-31,77|2026-08-31 17:54:30
171,8950.0,Аналитика про,2026-08-31 18:20:33,2026-08-31,171|2026-08-31 18:20:33
272,8950.0,Аналитика про,2026-08-31 18:34:40,2026-08-31,272|2026-08-31 18:34:40
324,8450.0,AI агенты,2026-08-31 19:22:31,2026-08-31,324|2026-08-31 19:22:31
301,8975.0,ML старт,2026-08-31 20:57:15,2026-08-31,301|2026-08-31 20:57:15
301,8975.0,Аналитика старт,2026-08-31 20:57:15,2026-08-31,301|2026-08-31 20:57:15
390,8975.0,Аналитика старт,2026-09-01 02:23:30,2026-09-01,390|2026-09-01 02:23:30
189,8945.0,Аналитика старт,2026-09-01 07:49:46,2026-09-01,189|2026-09-01 07:49:46
495,7475.0,ML про,2026-09-01 10:30:21,2026-09-01,495|2026-09-01 10:30:21
495,7475.0,ML старт,2026-09-01 10:30:21,2026-09-01,495|2026-09-01 10:30:21
296,8950.0,Аналитика старт,2026-09-01 10:46:43,2026-09-01,296|2026-09-01 10:46:43
195,8450.0,AI агенты,2026-09-01 10:54:53,2026-09-01,195|2026-09-01 10:54:53
524,8945.0,Аналитика про,2026-09-01 11:54:01,2026-09-01,524|2026-09-01 11:54:01
423,7475.0,ML про,2026-09-01 12:44:58,2026-09-01,423|2026-09-01 12:44:58
115,8945.0,Аналитика про,2026-09-01 13:09:50,2026-09-01,115|2026-09-01 13:09:50
247,7475.0,ML про,2026-09-01 14:59:35,2026-09-01,247|2026-09-01 14:59:35
247,7475.0,ML старт,2026-09-01 14:59:35,2026-09-01,247|2026-09-01 14:59:35
144,8950.0,Аналитика про,2026-09-01 15:30:39,2026-09-01,144|2026-09-01 15:30:39
547,7475.0,Backend про,2026-09-01 15:53:22,2026-09-01,547|2026-09-01 15:53:22
547,7475.0,Алгоритмы про,2026-09-01 15:53:22,2026-09-01,547|2026-09-01 15:53:22
226,7475.0,ML старт,2026-09-01 17:03:44,2026-09-01,226|2026-09-01 17:03:44
34,8945.0,Аналитика про,2026-09-01 17:23:37,2026-09-01,34|2026-09-01 17:23:37
231,8245.0,Алгоритмы,2026-09-01 18:08:01,2026-09-01,231|2026-09-01 18:08:01
231,8245.0,Дискретка,2026-09-01 18:08:01,2026-09-01,231|2026-09-01 18:08:01
231,8245.0,Линейная алгебра,2026-09-01 18:08:01,2026-09-01,231|2026-09-01 18:08:01
231,8245.0,Мат анализ,2026-09-01 18:08:01,2026-09-01,231|2026-09-01 18:08:01
231,8245.0,Теория вероятностей,2026-09-01 18:08:01,2026-09-01,231|2026-09-01 18:08:01
181,8950.0,Аналитика про,2026-09-01 18:44:37,2026-09-01,181|2026-09-01 18:44:37
343,8950.0,ML старт,2026-09-01 19:07:54,2026-09-01,343|2026-09-01 19:07:54
114,6975.0,AI агенты,2026-09-01 19:16:56,2026-09-01,114|2026-09-01 19:16:56
114,6975.0,ML про,2026-09-01 19:16:56,2026-09-01,114|2026-09-01 19:16:56
88,8950.0,AI агенты,2026-09-01 19:27:16,2026-09-01,88|2026-09-01 19:27:16
139,6975.0,AI агенты,2026-09-01 20:30:07,2026-09-01,139|2026-09-01 20:30:07
139,6975.0,ML старт,2026-09-01 20:30:07,2026-09-01,139|2026-09-01 20:30:07
37,5750.0,Backend про,2026-09-02 04:13:14,2026-09-02,37|2026-09-02 04:13:14
558,8245.0,Линейная алгебра,2026-09-02 08:49:58,2026-09-02,558|2026-09-02 08:49:58
288,8945.0,Аналитика про,2026-09-02 08:57:12,2026-09-02,288|2026-09-02 08:57:12
486,8950.0,Backend про,2026-09-02 09:28:52,2026-09-02,486|2026-09-02 09:28:52
555,7475.0,Алгоритмы про,2026-09-02 09:38:46,2026-09-02,555|2026-09-02 09:38:46
555,7475.0,Алгоритмы старт,2026-09-02 09:38:46,2026-09-02,555|2026-09-02 09:38:46
551,8950.0,Backend про,2026-09-02 09:58:19,2026-09-02,551|2026-09-02 09:58:19
419,7475.0,ML про,2026-09-02 10:06:52,2026-09-02,419|2026-09-02 10:06:52
419,7475.0,Алгоритмы про,2026-09-02 10:06:52,2026-09-02,419|2026-09-02 10:06:52
182,8950.0,Backend про,2026-09-02 10:14:11,2026-09-02,182|2026-09-02 10:14:11
244,8950.0,Алгоритмы старт,2026-09-02 10:24:40,2026-09-02,244|2026-09-02 10:24:40
50,8950.0,Алгоритмы старт,2026-09-02 10:32:55,2026-09-02,50|2026-09-02 10:32:55
541,7475.0,Алгоритмы старт,2026-09-02 10:48:17,2026-09-02,541|2026-09-02 10:48:17
541,7475.0,Аналитика старт,2026-09-02 10:48:17,2026-09-02,541|2026-09-02 10:48:17
523,8450.0,Backend про,2026-09-02 11:00:48,2026-09-02,523|2026-09-02 11:00:48
266,10000.0,Мат анализ,2026-09-02 11:33:22,2026-09-02,266|2026-09-02 11:33:22
128,8945.0,Аналитика про,2026-09-02 11:55:47,2026-09-02,128|2026-09-02 11:55:47
385,5975.0,АВ тестам,2026-09-02 14:17:34,2026-09-02,385|2026-09-02 14:17:34
385,5975.0,Аналитика старт,2026-09-02 14:17:34,2026-09-02,385|2026-09-02 14:17:34
355,8450.0,Backend про,2026-09-02 14:30:26,2026-09-02,355|2026-09-02 14:30:26
572,8945.0,Аналитика про,2026-09-02 14:54:22,2026-09-02,572|2026-09-02 14:54:22
422,9450.0,Теория вероятностей,2026-09-02 15:30:05,2026-09-02,422|2026-09-02 15:30:05
493,9950.0,Линейная алгебра,2026-09-02 16:44:53,2026-09-02,493|2026-09-02 16:44:53
264,4225.0,Backend про,2026-09-02 18:37:57,2026-09-02,264|2026-09-02 18:37:57
264,4225.0,Алгоритмы,2026-09-02 18:37:57,2026-09-02,264|2026-09-02 18:37:57
6,8450.0,Аналитика про,2026-09-02 19:16:28,2026-09-02,6|2026-09-02 19:16:28
404,7475.0,Алгоритмы про,2026-09-02 19:30:00,2026-09-02,404|2026-09-02 19:30:00
35,4225.0,Backend про,2026-09-02 22:38:59,2026-09-02,35|2026-09-02 22:38:59
450,8950.0,Backend про,2026-09-03 06:06:37,2026-09-03,450|2026-09-03 06:06:37
504,5975.0,Аналитика старт,2026-09-03 06:27:49,2026-09-03,504|2026-09-03 06:27:49
273,8950.0,ML про,2026-09-03 08:17:51,2026-09-03,273|2026-09-03 08:17:51
508,5750.0,Backend про,2026-09-03 08:29:32,2026-09-03,508|2026-09-03 08:29:32
395,8950.0,ML про,2026-09-03 11:18:32,2026-09-03,395|2026-09-03 11:18:32
271,7475.0,ML про,2026-09-03 12:55:50,2026-09-03,271|2026-09-03 12:55:50
271,7475.0,Алгоритмы про,2026-09-03 12:55:50,2026-09-03,271|2026-09-03 12:55:50
9,8950.0,Аналитика про,2026-09-03 14:55:45,2026-09-03,9|2026-09-03 14:55:45
205,8950.0,Аналитика про,2026-09-03 15:01:50,2026-09-03,205|2026-09-03 15:01:50
230,8950.0,Аналитика про,2026-09-03 15:07:18,2026-09-03,230|2026-09-03 15:07:18
330,7475.0,Аналитика про,2026-09-03 15:10:16,2026-09-03,330|2026-09-03 15:10:16
330,7475.0,Аналитика старт,2026-09-03 15:10:16,2026-09-03,330|2026-09-03 15:10:16
376,6950.0,К ВУЗу,2026-09-03 15:43:04,2026-09-03,376|2026-09-03 15:43:04
352,8450.0,Алгоритмы про,2026-09-03 16:22:06,2026-09-03,352|2026-09-03 16:22:06
345,8950.0,Аналитика про,2026-09-03 16:33:15,2026-09-03,345|2026-09-03 16:33:15
252,8950.0,Backend про,2026-09-03 16:36:15,2026-09-03,252|2026-09-03 16:36:15
318,8450.0,Аналитика про,2026-09-03 17:23:38,2026-09-03,318|2026-09-03 17:23:38
402,8450.0,ML про,2026-09-03 17:30:08,2026-09-03,402|2026-09-03 17:30:08
594,5000.0,AI агенты,2026-09-03 18:16:38,2026-09-03,594|2026-09-03 18:16:38
561,18900.0,Теория вероятностей,2026-09-03 18:55:28,2026-09-03,561|2026-09-03 18:55:28
409,5000.0,AI агенты,2026-09-03 21:58:56,2026-09-03,409|2026-09-03 21:58:56
3,5975.0,АВ тестам,2026-09-03 22:47:02,2026-09-03,3|2026-09-03 22:47:02
601,7475.0,AI агенты,2026-09-04 04:51:49,2026-09-04,601|2026-09-04 04:51:49
601,7475.0,ML про,2026-09-04 04:51:49,2026-09-04,601|2026-09-04 04:51:49
601,7475.0,ML старт,2026-09-04 04:51:49,2026-09-04,601|2026-09-04 04:51:49
363,8945.0,Backend про,2026-09-04 06:28:52,2026-09-04,363|2026-09-04 06:28:52
124,9950.0,Линейная алгебра,2026-09-04 06:34:32,2026-09-04,124|2026-09-04 06:34:32
490,8450.0,AI агенты,2026-09-04 10:01:44,2026-09-04,490|2026-09-04 10:01:44
326,7475.0,Аналитика про,2026-09-04 10:55:46,2026-09-04,326|2026-09-04 10:55:46
326,7475.0,Аналитика старт,2026-09-04 10:55:46,2026-09-04,326|2026-09-04 10:55:46
590,8945.0,Backend про,2026-09-04 11:04:11,2026-09-04,590|2026-09-04 11:04:11
379,7475.0,Аналитика про,2026-09-04 11:44:55,2026-09-04,379|2026-09-04 11:44:55
317,8950.0,Аналитика про,2026-09-04 13:16:14,2026-09-04,317|2026-09-04 13:16:14
354,8245.0,Дискретка,2026-09-04 13:47:25,2026-09-04,354|2026-09-04 13:47:25
383,8950.0,Аналитика про,2026-09-04 14:11:02,2026-09-04,383|2026-09-04 14:11:02
375,7000.0,Алгоритмы про,2026-09-04 14:19:28,2026-09-04,375|2026-09-04 14:19:28
582,8950.0,Аналитика старт,2026-09-04 15:03:52,2026-09-04,582|2026-09-04 15:03:52
378,8950.0,Аналитика про,2026-09-04 15:08:47,2026-09-04,378|2026-09-04 15:08:47
28,7475.0,Аналитика про,2026-09-04 15:15:34,2026-09-04,28|2026-09-04 15:15:34
28,7475.0,Аналитика старт,2026-09-04 15:15:34,2026-09-04,28|2026-09-04 15:15:34
302,7475.0,Аналитика про,2026-09-04 15:20:47,2026-09-04,302|2026-09-04 15:20:47
303,7475.0,ML про,2026-09-04 15:21:52,2026-09-04,303|2026-09-04 15:21:52
303,7475.0,ML старт,2026-09-04 15:21:52,2026-09-04,303|2026-09-04 15:21:52
15,8450.0,Аналитика про,2026-09-04 15:26:00,2026-09-04,15|2026-09-04 15:26:00
197,7475.0,AI агенты,2026-09-04 15:39:31,2026-09-04,197|2026-09-04 15:39:31
197,7475.0,Backend про,2026-09-04 15:39:31,2026-09-04,197|2026-09-04 15:39:31
574,7475.0,ML про,2026-09-04 16:29:01,2026-09-04,574|2026-09-04 16:29:01
198,7475.0,Аналитика старт,2026-09-04 16:44:57,2026-09-04,198|2026-09-04 16:44:57
576,7475.0,ML старт,2026-09-04 17:26:34,2026-09-04,576|2026-09-04 17:26:34
471,9950.0,Линейная алгебра,2026-09-04 18:12:51,2026-09-04,471|2026-09-04 18:12:51
428,8950.0,ML про,2026-09-04 18:33:44,2026-09-04,428|2026-09-04 18:33:44
428,8950.0,ML старт,2026-09-04 18:33:44,2026-09-04,428|2026-09-04 18:33:44
94,8950.0,Backend про,2026-09-04 18:49:47,2026-09-04,94|2026-09-04 18:49:47
1,8950.0,Аналитика старт,2026-09-04 19:30:57,2026-09-04,1|2026-09-04 19:30:57
384,8450.0,Аналитика про,2026-09-04 20:38:50,2026-09-04,384|2026-09-04 20:38:50
43,6475.0,АВ тестам,2026-09-05 07:16:30,2026-09-05,43|2026-09-05 07:16:30
43,6475.0,Аналитика старт,2026-09-05 07:16:30,2026-09-05,43|2026-09-05 07:16:30
309,8950.0,ML про,2026-09-05 09:55:40,2026-09-05,309|2026-09-05 09:55:40
502,8450.0,ML про,2026-09-05 10:11:25,2026-09-05,502|2026-09-05 10:11:25
591,8450.0,AI агенты,2026-09-05 10:13:46,2026-09-05,591|2026-09-05 10:13:46
394,8950.0,Алгоритмы про,2026-09-05 10:17:43,2026-09-05,394|2026-09-05 10:17:43
155,7475.0,Backend про,2026-09-05 10:20:56,2026-09-05,155|2026-09-05 10:20:56
155,7475.0,Backend старт,2026-09-05 10:20:56,2026-09-05,155|2026-09-05 10:20:56
533,8450.0,AI агенты,2026-09-05 10:24:14,2026-09-05,533|2026-09-05 10:24:14
510,8950.0,AI агенты,2026-09-05 10:34:42,2026-09-05,510|2026-09-05 10:34:42
328,7475.0,ML про,2026-09-05 10:58:26,2026-09-05,328|2026-09-05 10:58:26
328,7475.0,Аналитика про,2026-09-05 10:58:26,2026-09-05,328|2026-09-05 10:58:26
31,7475.0,ML про,2026-09-05 11:00:21,2026-09-05,31|2026-09-05 11:00:21
397,8950.0,Аналитика старт,2026-09-05 11:02:15,2026-09-05,397|2026-09-05 11:02:15
487,7475.0,ML про,2026-09-05 11:02:17,2026-09-05,487|2026-09-05 11:02:17
487,7475.0,ML старт,2026-09-05 11:02:17,2026-09-05,487|2026-09-05 11:02:17
515,8450.0,Аналитика про,2026-09-05 12:09:36,2026-09-05,515|2026-09-05 12:09:36
155,7000.0,Алгоритмы старт,2026-09-05 12:13:44,2026-09-05,155|2026-09-05 12:13:44
117,8450.0,Аналитика про,2026-09-05 12:34:35,2026-09-05,117|2026-09-05 12:34:35
517,8950.0,Аналитика про,2026-09-05 12:48:03,2026-09-05,517|2026-09-05 12:48:03
238,8950.0,Backend про,2026-09-05 13:28:56,2026-09-05,238|2026-09-05 13:28:56
406,8450.0,ML про,2026-09-05 13:55:08,2026-09-05,406|2026-09-05 13:55:08
270,8950.0,Аналитика про,2026-09-05 14:08:51,2026-09-05,270|2026-09-05 14:08:51
48,8950.0,Backend про,2026-09-05 14:24:29,2026-09-05,48|2026-09-05 14:24:29
405,8950.0,Backend старт,2026-09-05 14:29:26,2026-09-05,405|2026-09-05 14:29:26
18,8950.0,Алгоритмы про,2026-09-05 14:29:29,2026-09-05,18|2026-09-05 14:29:29
362,8450.0,ML про,2026-09-05 14:52:23,2026-09-05,362|2026-09-05 14:52:23
250,7475.0,Backend про,2026-09-05 14:54:24,2026-09-05,250|2026-09-05 14:54:24
250,7475.0,Backend старт,2026-09-05 14:54:24,2026-09-05,250|2026-09-05 14:54:24
540,8950.0,Аналитика про,2026-09-05 14:57:41,2026-09-05,540|2026-09-05 14:57:41
461,7475.0,Аналитика про,2026-09-05 15:01:05,2026-09-05,461|2026-09-05 15:01:05
461,7475.0,Аналитика старт,2026-09-05 15:01:05,2026-09-05,461|2026-09-05 15:01:05
556,7475.0,Аналитика про,2026-09-05 15:17:14,2026-09-05,556|2026-09-05 15:17:14
431,8950.0,Алгоритмы старт,2026-09-05 15:28:29,2026-09-05,431|2026-09-05 15:28:29
169,8950.0,Аналитика про,2026-09-05 15:47:16,2026-09-05,169|2026-09-05 15:47:16
245,8950.0,Backend про,2026-09-05 15:54:58,2026-09-05,245|2026-09-05 15:54:58
2,8950.0,ML про,2026-09-05 16:22:48,2026-09-05,2|2026-09-05 16:22:48
414,8950.0,ML про,2026-09-05 16:25:16,2026-09-05,414|2026-09-05 16:25:16
596,8950.0,ML про,2026-09-05 16:26:36,2026-09-05,596|2026-09-05 16:26:36
67,8950.0,ML про,2026-09-05 17:04:40,2026-09-05,67|2026-09-05 17:04:40
210,7475.0,Аналитика старт,2026-09-05 17:12:38,2026-09-05,210|2026-09-05 17:12:38
127,8950.0,ML про,2026-09-05 17:27:41,2026-09-05,127|2026-09-05 17:27:41
602,8450.0,Backend про,2026-09-05 17:42:39,2026-09-05,602|2026-09-05 17:42:39
109,8950.0,ML про,2026-09-05 17:57:36,2026-09-05,109|2026-09-05 17:57:36
398,8950.0,ML про,2026-09-05 18:06:36,2026-09-05,398|2026-09-05 18:06:36
350,8450.0,Аналитика про,2026-09-05 18:12:55,2026-09-05,350|2026-09-05 18:12:55
24,8950.0,ML про,2026-09-05 18:23:21,2026-09-05,24|2026-09-05 18:23:21
553,8950.0,ML про,2026-09-05 18:27:14,2026-09-05,553|2026-09-05 18:27:14
174,7475.0,ML про,2026-09-05 18:41:16,2026-09-05,174|2026-09-05 18:41:16
174,7475.0,Алгоритмы про,2026-09-05 18:41:16,2026-09-05,174|2026-09-05 18:41:16
494,8959.0,Алгоритмы про,2026-09-05 19:15:54,2026-09-05,494|2026-09-05 19:15:54
377,7475.0,Аналитика про,2026-09-05 19:24:12,2026-09-05,377|2026-09-05 19:24:12
377,7475.0,Аналитика старт,2026-09-05 19:24:12,2026-09-05,377|2026-09-05 19:24:12
60,8950.0,ML про,2026-09-05 19:44:33,2026-09-05,60|2026-09-05 19:44:33
545,8950.0,ML про,2026-09-05 19:45:17,2026-09-05,545|2026-09-05 19:45:17
147,7475.0,ML про,2026-09-05 19:46:01,2026-09-05,147|2026-09-05 19:46:01
147,7475.0,ML старт,2026-09-05 19:46:01,2026-09-05,147|2026-09-05 19:46:01
416,6975.0,Backend про,2026-09-05 21:19:33,2026-09-05,416|2026-09-05 21:19:33
416,6975.0,ML про,2026-09-05 21:19:33,2026-09-05,416|2026-09-05 21:19:33
188,6975.0,Backend про,2026-09-06 01:03:43,2026-09-06,188|2026-09-06 01:03:43
569,8950.0,Backend про,2026-09-06 08:00:03,2026-09-06,569|2026-09-06 08:00:03
74,8450.0,AI агенты,2026-09-06 10:34:28,2026-09-06,74|2026-09-06 10:34:28
20,7475.0,Аналитика про,2026-09-06 11:07:00,2026-09-06,20|2026-09-06 11:07:00
20,7475.0,Аналитика старт,2026-09-06 11:07:00,2026-09-06,20|2026-09-06 11:07:00
151,7475.0,Аналитика про,2026-09-06 11:31:11,2026-09-06,151|2026-09-06 11:31:11
42,8450.0,ML про,2026-09-06 11:42:46,2026-09-06,42|2026-09-06 11:42:46
193,8450.0,AI агенты,2026-09-06 11:49:34,2026-09-06,193|2026-09-06 11:49:34
105,8950.0,Аналитика про,2026-09-06 11:55:22,2026-09-06,105|2026-09-06 11:55:22
275,6975.0,AI агенты,2026-09-06 11:58:58,2026-09-06,275|2026-09-06 11:58:58
275,6975.0,ML про,2026-09-06 11:58:58,2026-09-06,275|2026-09-06 11:58:58
56,7475.0,Backend старт,2026-09-06 12:12:33,2026-09-06,56|2026-09-06 12:12:33
44,6975.0,AI агенты,2026-09-06 12:29:18,2026-09-06,44|2026-09-06 12:29:18
327,8950.0,AI агенты,2026-09-06 12:45:38,2026-09-06,327|2026-09-06 12:45:38
292,6975.0,ML про,2026-09-06 12:59:39,2026-09-06,292|2026-09-06 12:59:39
150,8950.0,Backend про,2026-09-06 13:11:45,2026-09-06,150|2026-09-06 13:11:45
59,8950.0,ML про,2026-09-06 13:32:21,2026-09-06,59|2026-09-06 13:32:21
154,8950.0,Алгоритмы про,2026-09-06 13:40:03,2026-09-06,154|2026-09-06 13:40:03
472,8950.0,ML про,2026-09-06 13:45:12,2026-09-06,472|2026-09-06 13:45:12
601,6975.0,Аналитика про,2026-09-06 14:28:33,2026-09-06,601|2026-09-06 14:28:33
601,6975.0,Аналитика старт,2026-09-06 14:28:33,2026-09-06,601|2026-09-06 14:28:33
22,8450.0,ML про,2026-09-06 14:41:56,2026-09-06,22|2026-09-06 14:41:56
344,8950.0,AI агенты,2026-09-06 14:48:52,2026-09-06,344|2026-09-06 14:48:52
49,7475.0,AI агенты,2026-09-06 14:51:02,2026-09-06,49|2026-09-06 14:51:02
49,7475.0,Backend про,2026-09-06 14:51:02,2026-09-06,49|2026-09-06 14:51:02
113,8950.0,Аналитика про,2026-09-06 15:14:57,2026-09-06,113|2026-09-06 15:14:57
366,2237.5,AI агенты,2026-09-06 15:18:37,2026-09-06,366|2026-09-06 15:18:37
366,2237.5,ML про,2026-09-06 15:18:37,2026-09-06,366|2026-09-06 15:18:37
366,2237.5,ML старт,2026-09-06 15:18:37,2026-09-06,366|2026-09-06 15:18:37
366,2237.5,Алгоритмы старт,2026-09-06 15:18:37,2026-09-06,366|2026-09-06 15:18:37
434,8450.0,Backend про,2026-09-06 15:23:19,2026-09-06,434|2026-09-06 15:23:19
55,2237.5,AI агенты,2026-09-06 15:35:13,2026-09-06,55|2026-09-06 15:35:13
23,2237.5,ML старт,2026-09-06 15:39:44,2026-09-06,23|2026-09-06 15:39:44
51,2237.5,ML про,2026-09-06 15:46:24,2026-09-06,51|2026-09-06 15:46:24
261,8950.0,AI агенты,2026-09-06 16:06:04,2026-09-06,261|2026-09-06 16:06:04
306,8950.0,ML старт,2026-09-06 16:18:59,2026-09-06,306|2026-09-06 16:18:59
180,2237.5,Алгоритмы старт,2026-09-06 16:23:30,2026-09-06,180|2026-09-06 16:23:30
10,8450.0,Backend про,2026-09-06 16:25:37,2026-09-06,10|2026-09-06 16:25:37
310,7475.0,AI агенты,2026-09-06 16:38:02,2026-09-06,310|2026-09-06 16:38:02
310,7475.0,ML про,2026-09-06 16:38:02,2026-09-06,310|2026-09-06 16:38:02
528,8950.0,ML про,2026-09-06 16:54:20,2026-09-06,528|2026-09-06 16:54:20
97,8950.0,Backend про,2026-09-06 17:27:55,2026-09-06,97|2026-09-06 17:27:55
449,8950.0,Алгоритмы старт,2026-09-06 17:28:24,2026-09-06,449|2026-09-06 17:28:24
278,7475.0,Аналитика про,2026-09-06 17:31:06,2026-09-06,278|2026-09-06 17:31:06
278,7475.0,Аналитика старт,2026-09-06 17:31:06,2026-09-06,278|2026-09-06 17:31:06
300,6950.0,Data Science,2026-09-06 17:58:00,2026-09-06,300|2026-09-06 17:58:00
251,9950.0,Мат анализ,2026-09-06 18:05:45,2026-09-06,251|2026-09-06 18:05:45
347,7475.0,Аналитика про,2026-09-06 18:35:08,2026-09-06,347|2026-09-06 18:35:08
359,7475.0,Аналитика старт,2026-09-06 18:40:33,2026-09-06,359|2026-09-06 18:40:33
399,8950.0,ML про,2026-09-06 19:02:33,2026-09-06,399|2026-09-06 19:02:33
530,8950.0,Аналитика про,2026-09-06 19:09:38,2026-09-06,530|2026-09-06 19:09:38
396,9950.0,Мат анализ,2026-09-06 19:15:37,2026-09-06,396|2026-09-06 19:15:37
604,8950.0,Аналитика старт,2026-09-06 19:17:57,2026-09-06,604|2026-09-06 19:17:57
593,9950.0,Мат анализ,2026-09-06 19:53:15,2026-09-06,593|2026-09-06 19:53:15
454,8950.0,ML про,2026-09-07 04:33:26,2026-09-07,454|2026-09-07 04:33:26
63,8950.0,Алгоритмы про,2026-09-07 05:24:57,2026-09-07,63|2026-09-07 05:24:57
228,8950.0,AI агенты,2026-09-07 07:42:35,2026-09-07,228|2026-09-07 07:42:35
13,8950.0,AI агенты,2026-09-07 07:54:24,2026-09-07,13|2026-09-07 07:54:24
465,4225.0,Алгоритмы,2026-09-07 08:21:23,2026-09-07,465|2026-09-07 08:21:23
125,8950.0,ML про,2026-09-07 08:46:37,2026-09-07,125|2026-09-07 08:46:37
491,8950.0,Аналитика про,2026-09-07 09:04:54,2026-09-07,491|2026-09-07 09:04:54
100,8950.0,Backend старт,2026-09-07 09:30:42,2026-09-07,100|2026-09-07 09:30:42
110,8950.0,AI агенты,2026-09-07 10:27:06,2026-09-07,110|2026-09-07 10:27:06
119,8950.0,Алгоритмы про,2026-09-07 11:34:36,2026-09-07,119|2026-09-07 11:34:36
102,6475.0,AI агенты,2026-09-07 12:59:48,2026-09-07,102|2026-09-07 12:59:48
102,6475.0,ML про,2026-09-07 12:59:48,2026-09-07,102|2026-09-07 12:59:48
204,8950.0,ML про,2026-09-07 13:39:13,2026-09-07,204|2026-09-07 13:39:13
214,8950.0,AI агенты,2026-09-07 14:02:50,2026-09-07,214|2026-09-07 14:02:50
254,7475.0,Алгоритмы про,2026-09-07 14:53:39,2026-09-07,254|2026-09-07 14:53:39
254,7475.0,Алгоритмы старт,2026-09-07 14:53:39,2026-09-07,254|2026-09-07 14:53:39
246,9950.0,Мат анализ,2026-09-07 16:45:55,2026-09-07,246|2026-09-07 16:45:55
509,18900.0,Теория вероятностей,2026-09-07 16:51:31,2026-09-07,509|2026-09-07 16:51:31
72,6975.0,AI агенты,2026-09-07 19:19:58,2026-09-07,72|2026-09-07 19:19:58
72,6975.0,ML про,2026-09-07 19:19:58,2026-09-07,72|2026-09-07 19:19:58
78,6950.0,Data Science,2026-09-08 05:10:30,2026-09-08,78|2026-09-08 05:10:30
548,6975.0,AI агенты,2026-09-08 12:45:32,2026-09-08,548|2026-09-08 12:45:32
548,6975.0,ML про,2026-09-08 12:45:32,2026-09-08,548|2026-09-08 12:45:32
429,9950.0,Мат анализ,2026-09-08 13:04:06,2026-09-08,429|2026-09-08 13:04:06
499,8950.0,Аналитика про,2026-09-08 13:24:34,2026-09-08,499|2026-09-08 13:24:34
68,7500.0,Алгоритмы про,2026-09-08 17:53:12,2026-09-08,68|2026-09-08 17:53:12
68,7500.0,Алгоритмы старт,2026-09-08 17:53:12,2026-09-08,68|2026-09-08 17:53:12
456,9950.0,Мат анализ,2026-09-08 17:57:42,2026-09-08,456|2026-09-08 17:57:42
190,9950.0,Мат анализ,2026-09-09 02:52:43,2026-09-09,190|2026-09-09 02:52:43
80,6975.0,ML про,2026-09-09 04:53:08,2026-09-09,80|2026-09-09 04:53:08
108,6975.0,AI агенты,2026-09-09 04:53:08,2026-09-09,108|2026-09-09 04:53:08
358,8450.0,Аналитика про,2026-09-09 06:30:33,2026-09-09,358|2026-09-09 06:30:33
224,8450.0,Аналитика про,2026-09-09 08:55:28,2026-09-09,224|2026-09-09 08:55:28
438,8950.0,Аналитика про,2026-09-09 13:24:37,2026-09-09,438|2026-09-09 13:24:37
283,7475.0,AI агенты,2026-09-09 13:34:09,2026-09-09,283|2026-09-09 13:34:09
283,7475.0,ML про,2026-09-09 13:34:09,2026-09-09,283|2026-09-09 13:34:09
381,8950.0,Аналитика старт,2026-09-09 14:46:43,2026-09-09,381|2026-09-09 14:46:43
212,7475.0,Алгоритмы про,2026-09-09 15:03:44,2026-09-09,212|2026-09-09 15:03:44
212,7475.0,Алгоритмы старт,2026-09-09 15:03:44,2026-09-09,212|2026-09-09 15:03:44
567,7475.0,AI агенты,2026-09-09 15:06:26,2026-09-09,567|2026-09-09 15:06:26
567,7475.0,Алгоритмы про,2026-09-09 15:06:26,2026-09-09,567|2026-09-09 15:06:26
337,7475.0,Алгоритмы про,2026-09-09 15:41:19,2026-09-09,337|2026-09-09 15:41:19
349,7475.0,Алгоритмы старт,2026-09-09 16:10:16,2026-09-09,349|2026-09-09 16:10:16
123,6450.0,Data Science,2026-09-09 16:23:01,2026-09-09,123|2026-09-09 16:23:01
444,7475.0,Алгоритмы про,2026-09-09 16:46:07,2026-09-09,444|2026-09-09 16:46:07
444,7475.0,Алгоритмы старт,2026-09-09 16:46:07,2026-09-09,444|2026-09-09 16:46:07
36,8950.0,Алгоритмы,2026-09-09 19:26:20,2026-09-09,36|2026-09-09 19:26:20
36,8950.0,Дискретка,2026-09-09 19:26:20,2026-09-09,36|2026-09-09 19:26:20
36,8950.0,Линейная алгебра,2026-09-09 19:26:20,2026-09-09,36|2026-09-09 19:26:20
36,8950.0,Мат анализ,2026-09-09 19:26:20,2026-09-09,36|2026-09-09 19:26:20
36,8950.0,Теория вероятностей,2026-09-09 19:26:20,2026-09-09,36|2026-09-09 19:26:20
407,8950.0,Линейная алгебра,2026-09-09 23:11:20,2026-09-09,407|2026-09-09 23:11:20
196,9950.0,Линейная алгебра,2026-09-10 06:09:12,2026-09-10,196|2026-09-10 06:09:12
